"","StartDate","EndDate","Status","IPAddress","Progress","Duration (in seconds)","Finished","RecordedDate","ResponseId"
"1",2019-04-03 12:59:49,2019-04-03 13:03:47,"IP Address","174.224.27.20","100","237","TRUE",2019-04-03 13:04:14,"R_RPsGCduz7PnvmvL"
"2",2019-04-03 13:00:44,2019-04-03 13:05:21,"IP Address","208.71.51.70","100","277","TRUE",2019-04-03 13:05:56,"R_3EGTXFXEfGA0bpj"
"3",2019-04-03 13:01:48,2019-04-03 13:06:13,"IP Address","205.174.84.201","100","264","TRUE",2019-04-03 13:06:16,"R_1Nrkdv2ilVc52r6"
"4",2019-04-03 13:00:45,2019-04-03 13:07:40,"Spam","70.169.66.194","100","415","TRUE",2019-04-03 13:09:28,"R_2wG2TdwdRuG8jAK"
"5",2019-04-03 13:04:57,2019-04-03 13:09:29,"IP Address","128.147.28.77","100","271","TRUE",2019-04-03 13:09:46,"R_2D7D3RWQn7O1jWV"
"6",2019-04-03 13:02:30,2019-04-03 13:09:46,"IP Address","74.113.113.15","100","436","TRUE",2019-04-03 13:09:56,"R_1j9w3ptF7i7Tk9h"
"7",2019-04-03 13:01:06,2019-04-03 13:10:11,"IP Address","174.228.146.75","100","544","TRUE",2019-04-03 13:10:20,"R_111rKULkg72uqlu"
"8",2019-04-03 13:07:21,2019-04-03 13:12:05,"IP Address","170.139.252.252","100","284","TRUE",2019-04-03 13:12:37,"R_2R8LbkYW2h5wcCz"
"9",2019-04-03 13:02:34,2019-04-03 13:13:43,"IP Address","208.87.234.180","100","668","TRUE",2019-04-03 13:14:07,"R_1Heg02RXFxOze6R"
"10",2019-04-03 13:06:16,2019-04-03 13:13:39,"IP Address","65.32.226.17","100","443","TRUE",2019-04-03 13:14:08,"R_2VyandHsznXMOW0"
"11",2019-04-03 13:04:22,2019-04-03 13:13:38,"IP Address","50.203.67.226","100","555","TRUE",2019-04-03 13:14:08,"R_3KT9rzruGmbUNEj"
"12",2019-04-03 13:09:55,2019-04-03 13:13:50,"IP Address","50.121.166.182","100","234","TRUE",2019-04-03 13:14:08,"R_9EkWZGb682SndQJ"
"13",2019-04-03 13:06:26,2019-04-03 13:14:06,"IP Address","96.45.247.234","100","459","TRUE",2019-04-03 13:14:08,"R_2UVJP2t9TiX2F8I"
"14",2019-04-03 13:07:30,2019-04-03 13:14:07,"IP Address","204.193.28.111","100","397","TRUE",2019-04-03 13:14:58,"R_1erXYuEQ2PVLUIZ"
"15",2019-04-03 13:06:10,2019-04-03 13:15:30,"IP Address","165.214.12.93","100","560","TRUE",2019-04-03 13:15:41,"R_2xKMOZR6VuXZdoZ"
"16",2019-04-03 13:10:08,2019-04-03 13:16:43,"IP Address","204.130.14.70","100","394","TRUE",2019-04-03 13:17:22,"R_3snPdMVkNVnWAlr"
"17",2019-04-03 13:11:44,2019-04-03 13:16:45,"IP Address","132.183.4.2","100","300","TRUE",2019-04-03 13:17:22,"R_XokuQ3dX4ED7WUN"
"18",2019-04-03 13:06:30,2019-04-03 13:17:16,"IP Address","143.111.84.97","100","646","TRUE",2019-04-03 13:17:22,"R_dpqdEJDZZ4rSn3b"
"19",2019-04-03 13:12:00,2019-04-03 13:17:16,"IP Address","204.85.253.247","100","316","TRUE",2019-04-03 13:17:22,"R_3COEnnSnNQlD83l"
"20",2019-04-03 13:13:32,2019-04-03 13:18:18,"IP Address","70.242.68.66","100","285","TRUE",2019-04-03 13:18:19,"R_1i508wjb8pBttw9"
"21",2019-04-03 13:11:45,2019-04-03 13:18:47,"IP Address","128.147.28.1","100","421","TRUE",2019-04-03 13:18:48,"R_6SsPkc7tPha266B"
"22",2019-04-03 13:15:32,2019-04-03 13:19:22,"IP Address","24.104.77.154","100","230","TRUE",2019-04-03 13:19:24,"R_12SgWbhyhZG5TW5"
"23",2019-04-03 13:04:18,2019-04-03 13:19:31,"IP Address","172.58.187.149","100","912","TRUE",2019-04-03 13:19:32,"R_1QN2iHFr5lK8P3H"
"24",2019-04-03 13:15:10,2019-04-03 13:20:18,"IP Address","155.52.187.17","100","307","TRUE",2019-04-03 13:21:02,"R_1Dx1h8hgLz9ueUJ"
"25",2019-04-03 13:14:07,2019-04-03 13:20:58,"IP Address","132.183.13.6","100","410","TRUE",2019-04-03 13:21:34,"R_ebTHVgqFtZUC3bX"
"26",2019-04-03 13:09:27,2019-04-03 13:21:22,"IP Address","71.238.2.241","100","715","TRUE",2019-04-03 13:21:34,"R_26gpNCfNrUsEECm"
"27",2019-04-03 13:17:22,2019-04-03 13:21:21,"IP Address","216.81.115.48","100","239","TRUE",2019-04-03 13:21:35,"R_vJNtuaMxvo4WDcJ"
"28",2019-04-03 13:12:57,2019-04-03 13:21:39,"IP Address","108.1.64.233","100","522","TRUE",2019-04-03 13:22:51,"R_31NT7IIESAdk9s2"
"29",2019-04-03 13:16:33,2019-04-03 13:22:11,"IP Address","129.176.151.24","100","338","TRUE",2019-04-03 13:22:55,"R_1ONRSRRFJMAHe18"
"30",2019-04-03 13:15:09,2019-04-03 13:22:38,"IP Address","162.119.240.103","100","448","TRUE",2019-04-03 13:22:55,"R_1P0p2BM2zkzFDbj"
"31",2019-04-03 13:15:00,2019-04-03 13:22:47,"IP Address","172.58.30.191","100","467","TRUE",2019-04-03 13:22:55,"R_1P2eiyrrbjRMI9c"
"32",2019-04-03 13:13:33,2019-04-03 13:22:56,"IP Address","132.183.4.2","100","562","TRUE",2019-04-03 13:22:58,"R_1jwCIFMZDBAFEr1"
"33",2019-04-03 13:17:15,2019-04-03 13:24:00,"IP Address","170.57.5.115","100","404","TRUE",2019-04-03 13:24:01,"R_6sZDEWt68aZLiRH"
"34",2019-04-03 13:17:22,2019-04-03 13:24:43,"IP Address","68.115.226.2","100","440","TRUE",2019-04-03 13:24:44,"R_Tiy5XJQFR3OxtXH"
"35",2019-04-03 13:05:52,2019-04-03 13:10:54,"Spam","8.38.176.64","100","302","TRUE",2019-04-03 13:26:25,"R_3mgUmoSIzVggzMk"
"36",2019-04-03 13:15:33,2019-04-03 13:26:43,"IP Address","199.87.130.129","100","669","TRUE",2019-04-03 13:26:44,"R_2BgqVEAL5QY065H"
"37",2019-04-03 13:06:30,2019-04-03 13:10:49,"IP Address","204.62.118.155","100","258","TRUE",2019-04-03 13:27:36,"R_1i595Y0gm8P95bx"
"38",2019-04-03 13:21:34,2019-04-03 13:29:13,"IP Address","50.204.239.194","100","458","TRUE",2019-04-03 13:29:14,"R_29psK9SfmtJAXzA"
"39",2019-04-03 13:24:33,2019-04-03 13:29:31,"IP Address","137.54.125.246","100","297","TRUE",2019-04-03 13:29:32,"R_2AFgj394qTNaSWR"
"40",2019-04-03 13:25:13,2019-04-03 13:31:01,"IP Address","206.210.161.95","100","347","TRUE",2019-04-03 13:31:02,"R_3enoMWY9FWc48Et"
"41",2019-04-03 13:22:56,2019-04-03 13:31:19,"IP Address","198.17.251.20","100","503","TRUE",2019-04-03 13:31:20,"R_cFOL2chZkKk4yNr"
"42",2019-04-03 13:26:07,2019-04-03 13:33:09,"IP Address","74.113.113.15","100","422","TRUE",2019-04-03 13:33:10,"R_1jdqRvTE3QZWqlu"
"43",2019-04-03 13:15:00,2019-04-03 13:33:18,"IP Address","192.234.106.2","100","1097","TRUE",2019-04-03 13:33:19,"R_2VJdpGVmDXOWqQI"
"44",2019-04-03 13:24:03,2019-04-03 13:33:23,"IP Address","12.228.186.155","100","559","TRUE",2019-04-03 13:33:24,"R_50jiPVcApZKlsS5"
"45",2019-04-03 13:27:33,2019-04-03 13:34:12,"IP Address","66.76.173.6","100","398","TRUE",2019-04-03 13:34:13,"R_3PofSzehKdlNg00"
"46",2019-04-03 13:25:42,2019-04-03 13:35:07,"IP Address","66.192.111.82","100","564","TRUE",2019-04-03 13:35:07,"R_WjkCn8iJ5PTPG6d"
"47",2019-04-03 13:25:26,2019-04-03 13:35:30,"IP Address","192.207.59.8","100","604","TRUE",2019-04-03 13:35:31,"R_1CHCEqvA6arBDzv"
"48",2019-04-03 13:23:44,2019-04-03 13:36:26,"IP Address","206.125.74.215","100","762","TRUE",2019-04-03 13:36:27,"R_25MceQkJnXf0ZpH"
"49",2019-04-03 13:28:37,2019-04-03 13:38:09,"IP Address","99.203.2.43","100","571","TRUE",2019-04-03 13:38:10,"R_cBbhKkIFx89pBhD"
"50",2019-04-03 13:32:32,2019-04-03 13:38:45,"IP Address","12.204.69.10","100","372","TRUE",2019-04-03 13:38:47,"R_2CNGd9G5ZIlRSu1"
"51",2019-04-03 13:35:22,2019-04-03 13:39:21,"IP Address","199.184.122.7","100","239","TRUE",2019-04-03 13:39:22,"R_3NzjH7r8ARkiuAg"
"52",2019-04-03 13:34:38,2019-04-03 13:42:01,"IP Address","129.176.151.20","100","443","TRUE",2019-04-03 13:42:02,"R_28BRGDtqGeBREfO"
"53",2019-04-03 13:38:03,2019-04-03 13:42:17,"IP Address","108.67.105.146","100","253","TRUE",2019-04-03 13:42:18,"R_z1JqQKTpGZy8lZ7"
"54",2019-04-03 13:35:59,2019-04-03 13:42:46,"IP Address","74.217.93.204","100","406","TRUE",2019-04-03 13:42:47,"R_1Op0PHyiOh1Rxtf"
"55",2019-04-03 13:36:51,2019-04-03 13:43:40,"IP Address","108.39.225.175","100","408","TRUE",2019-04-03 13:43:41,"R_2tePvjiitvIMua5"
"56",2019-04-03 13:39:12,2019-04-03 13:43:58,"IP Address","144.74.7.49","100","286","TRUE",2019-04-03 13:43:59,"R_1LcdZr9mybm4eUv"
"57",2019-04-03 12:59:33,2019-04-03 13:44:31,"IP Address","74.217.93.205","100","2698","TRUE",2019-04-03 13:44:32,"R_25A43jUKqkMpcTX"
"58",2019-04-03 13:39:55,2019-04-03 13:45:07,"IP Address","12.236.143.42","100","312","TRUE",2019-04-03 13:45:08,"R_25yIBQEPPXUjGo7"
"59",2019-04-03 13:38:28,2019-04-03 13:46:06,"IP Address","107.77.236.195","100","457","TRUE",2019-04-03 13:46:07,"R_1GHx2EciXpYivdU"
"60",2019-04-03 13:39:53,2019-04-03 13:47:55,"IP Address","24.247.166.26","100","482","TRUE",2019-04-03 13:47:56,"R_1gejUu4gtLaEU2Y"
"61",2019-04-03 13:44:25,2019-04-03 13:48:37,"IP Address","69.139.43.8","100","252","TRUE",2019-04-03 13:48:38,"R_3iOMQtJBuGZAL8Q"
"62",2019-04-03 13:38:10,2019-04-03 13:49:07,"IP Address","216.158.0.100","100","657","TRUE",2019-04-03 13:49:08,"R_3qPUKquMkxIIKXe"
"63",2019-04-03 13:41:40,2019-04-03 13:49:29,"IP Address","65.120.39.11","100","468","TRUE",2019-04-03 13:49:40,"R_2QyeCEzMT4Axz7d"
"64",2019-04-03 13:45:37,2019-04-03 13:51:14,"IP Address","74.203.131.11","100","336","TRUE",2019-04-03 13:51:15,"R_3Ht2lVRLSgP0kJI"
"65",2019-04-03 13:34:24,2019-04-03 13:52:31,"IP Address","192.151.85.120","100","1086","TRUE",2019-04-03 13:52:32,"R_1g2uDKugMH18F2q"
"66",2019-04-03 13:48:09,2019-04-03 13:53:30,"IP Address","198.251.23.11","100","320","TRUE",2019-04-03 13:53:30,"R_QnxrgGdXUcFZMB3"
"67",2019-04-03 13:39:25,2019-04-03 13:53:53,"IP Address","50.44.29.100","100","868","TRUE",2019-04-03 13:53:54,"R_27dGRv0PMR3Uu8Q"
"68",2019-04-03 13:46:01,2019-04-03 13:53:54,"IP Address","204.85.253.241","100","472","TRUE",2019-04-03 13:53:54,"R_3PhJLkSnCB03cCE"
"69",2019-04-03 13:47:41,2019-04-03 13:55:59,"IP Address","47.180.179.203","100","497","TRUE",2019-04-03 13:56:00,"R_3GlEBZ85ocozCrg"
"70",2019-04-03 13:50:35,2019-04-03 13:56:43,"IP Address","205.152.238.75","100","368","TRUE",2019-04-03 13:56:44,"R_22EpvZNIlSOQQ6s"
"71",2019-04-03 13:40:58,2019-04-03 13:57:11,"IP Address","12.50.9.251","100","972","TRUE",2019-04-03 13:57:11,"R_ByTmfBG9gQGfqZb"
"72",2019-04-03 13:52:42,2019-04-03 13:57:16,"IP Address","73.205.132.178","100","273","TRUE",2019-04-03 13:57:17,"R_1gBVmNQJC7yp2cG"
"73",2019-04-03 13:52:13,2019-04-03 13:57:20,"IP Address","192.250.20.3","100","307","TRUE",2019-04-03 13:57:21,"R_3QRZyIsgIFRpQ53"
"74",2019-04-03 13:39:05,2019-04-03 13:57:48,"IP Address","204.62.118.155","100","1122","TRUE",2019-04-03 13:57:48,"R_1l4qiWyscFZ4Nxv"
"75",2019-04-03 13:54:25,2019-04-03 14:02:49,"IP Address","99.203.186.20","100","503","TRUE",2019-04-03 14:02:50,"R_zcm4KG1Q44Dbhex"
"76",2019-04-03 13:54:27,2019-04-03 14:04:59,"IP Address","4.7.3.62","100","632","TRUE",2019-04-03 14:05:12,"R_12fdQqVbyNVyY1R"
"77",2019-04-03 13:57:37,2019-04-03 14:04:54,"IP Address","163.246.0.132","100","436","TRUE",2019-04-03 14:05:16,"R_SGLA6hEDVmbITpD"
"78",2019-04-03 13:59:23,2019-04-03 14:06:22,"IP Address","162.82.0.218","100","418","TRUE",2019-04-03 14:06:23,"R_p4v0tkMCia4Jlgl"
"79",2019-04-03 14:03:28,2019-04-03 14:09:04,"IP Address","204.85.253.247","100","335","TRUE",2019-04-03 14:09:05,"R_1luChHPqH1BA2Vt"
"80",2019-04-03 14:00:35,2019-04-03 14:12:42,"IP Address","8.36.116.204","100","726","TRUE",2019-04-03 14:12:43,"R_3nPJJmhobjPoKDI"
"81",2019-04-03 14:03:31,2019-04-03 14:13:53,"IP Address","198.153.9.199","100","621","TRUE",2019-04-03 14:13:54,"R_1jTFsS5RlyH5vng"
"82",2019-04-03 13:50:36,2019-04-03 14:14:11,"IP Address","207.238.203.211","100","1414","TRUE",2019-04-03 14:14:12,"R_9G4eJG8szCb076x"
"83",2019-04-03 14:13:16,2019-04-03 14:19:17,"IP Address","208.64.115.5","100","361","TRUE",2019-04-03 14:19:19,"R_OvXkB0Wu9kPH3bj"
"84",2019-04-03 14:11:45,2019-04-03 14:19:23,"IP Address","24.61.67.187","100","457","TRUE",2019-04-03 14:19:34,"R_eOFXnu8yh2HfLmp"
"85",2019-04-03 14:14:49,2019-04-03 14:20:56,"IP Address","129.255.1.141","100","366","TRUE",2019-04-03 14:20:57,"R_2VDv2ouYn0XES0T"
"86",2019-04-03 14:17:54,2019-04-03 14:25:53,"IP Address","192.151.85.120","100","479","TRUE",2019-04-03 14:25:57,"R_3m8KiDhbvQe6rfZ"
"87",2019-04-03 14:19:15,2019-04-03 14:26:13,"IP Address","99.119.214.147","100","418","TRUE",2019-04-03 14:26:15,"R_2X1D75hzQ9sc1DG"
"88",2019-04-03 14:20:46,2019-04-03 14:26:29,"IP Address","38.65.207.205","100","343","TRUE",2019-04-03 14:26:30,"R_3n8cJ29egZbiiK9"
"89",2019-04-03 14:12:35,2019-04-03 14:31:59,"IP Address","69.24.144.22","100","1163","TRUE",2019-04-03 14:32:01,"R_Z1sqhmLS9FNeRMJ"
"90",2019-04-03 14:26:57,2019-04-03 14:32:29,"IP Address","199.21.254.3","100","331","TRUE",2019-04-03 14:32:30,"R_2Y3LYXN6lotjw3y"
"91",2019-04-03 14:32:40,2019-04-03 14:37:49,"IP Address","128.147.28.77","100","308","TRUE",2019-04-03 14:37:50,"R_QfZrp1X1JrYY8cp"
"92",2019-04-03 14:31:46,2019-04-03 14:41:46,"IP Address","184.13.109.117","100","600","TRUE",2019-04-03 14:41:47,"R_1l5yz6hcAnKV91g"
"93",2019-04-03 14:35:21,2019-04-03 14:42:10,"IP Address","204.69.148.225","100","408","TRUE",2019-04-03 14:42:11,"R_31SkkoCIBhb7b7I"
"94",2019-04-03 14:35:39,2019-04-03 14:43:55,"IP Address","24.1.165.88","100","496","TRUE",2019-04-03 14:43:57,"R_3g0GgNWrT9EmoVO"
"95",2019-04-03 14:30:13,2019-04-03 14:33:50,"IP Address","174.207.11.85","100","217","TRUE",2019-04-03 14:49:18,"R_tEEICREUPEEtcIN"
"96",2019-04-03 14:42:35,2019-04-03 14:50:01,"IP Address","24.208.227.34","100","446","TRUE",2019-04-03 14:50:02,"R_1M5t6CEyWmFzL5t"
"97",2019-04-03 14:00:10,2019-04-03 14:50:46,"IP Address","167.66.32.10","100","3036","TRUE",2019-04-03 14:50:47,"R_xrz0fxrOGxoEU7L"
"98",2019-04-03 14:38:58,2019-04-03 14:52:14,"IP Address","67.44.209.122","100","795","TRUE",2019-04-03 14:52:15,"R_2PhTTHgvnkkZZay"
"99",2019-04-03 14:45:28,2019-04-03 14:52:39,"IP Address","174.206.32.239","100","431","TRUE",2019-04-03 14:52:40,"R_2qs1bb0ofKkvgsV"
"100",2019-04-03 14:53:02,2019-04-03 14:56:55,"IP Address","198.184.151.253","100","232","TRUE",2019-04-03 14:56:56,"R_21t7s0VVrHlpg76"
"101",2019-04-03 14:51:41,2019-04-03 14:57:49,"IP Address","128.147.28.79","100","367","TRUE",2019-04-03 14:57:50,"R_2Yxhgkgxid73Tdh"
"102",2019-04-03 14:49:58,2019-04-03 14:58:04,"IP Address","199.21.254.3","100","486","TRUE",2019-04-03 14:58:05,"R_vjJCzZOKl0B77ZD"
"103",2019-04-03 13:58:05,2019-04-03 14:59:50,"IP Address","174.240.2.84","100","3703","TRUE",2019-04-03 14:59:51,"R_2fq69UzlVOINrLJ"
"104",2019-04-03 14:52:40,2019-04-03 15:00:11,"IP Address","204.4.13.72","100","450","TRUE",2019-04-03 15:00:12,"R_1iaKDeYFB2HHPN7"
"105",2019-04-03 14:46:33,2019-04-03 15:03:26,"IP Address","165.68.124.44","100","1013","TRUE",2019-04-03 15:03:27,"R_1rluQJ2ry1xXP7c"
"106",2019-04-03 15:00:26,2019-04-03 15:09:16,"IP Address","107.207.208.39","100","529","TRUE",2019-04-03 15:09:17,"R_3g2g7e0vbpFbqXZ"
"107",2019-04-03 15:02:22,2019-04-03 15:11:34,"IP Address","163.230.251.201","100","552","TRUE",2019-04-03 15:11:35,"R_2UbDaAmlhe9KOD6"
"108",2019-04-03 15:03:58,2019-04-03 15:12:54,"IP Address","206.210.161.92","100","536","TRUE",2019-04-03 15:12:55,"R_BMrqhGRNQ7dSXnz"
"109",2019-04-03 15:10:29,2019-04-03 15:24:13,"IP Address","216.158.0.100","100","824","TRUE",2019-04-03 15:24:14,"R_3kigTqEY1bkRZ7g"
"110",2019-04-03 15:19:47,2019-04-03 15:27:28,"IP Address","68.43.100.2","100","460","TRUE",2019-04-03 15:27:28,"R_bNsItE3NlnpWfmN"
"111",2019-04-03 15:20:24,2019-04-03 15:27:29,"IP Address","174.193.160.161","100","424","TRUE",2019-04-03 15:27:30,"R_3hoRRqWeqB2mMql"
"112",2019-04-03 15:23:23,2019-04-03 15:28:53,"IP Address","204.145.248.2","100","329","TRUE",2019-04-03 15:28:54,"R_26fYYXyInJAoGbr"
"113",2019-04-03 15:19:37,2019-04-03 15:31:09,"IP Address","98.169.56.13","100","692","TRUE",2019-04-03 15:31:16,"R_3M5q9soPCfEjMNK"
"114",2019-04-03 15:25:52,2019-04-03 15:32:59,"IP Address","68.0.199.96","100","426","TRUE",2019-04-03 15:33:35,"R_2uJJyJktTlp10k5"
"115",2019-04-03 15:30:19,2019-04-03 15:37:26,"IP Address","72.227.92.249","100","426","TRUE",2019-04-03 15:37:27,"R_1IK6k1a0bilrsWl"
"116",2019-04-03 15:35:47,2019-04-03 15:42:22,"IP Address","12.205.203.131","100","394","TRUE",2019-04-03 15:42:23,"R_1C1671WwO3nKlcJ"
"117",2019-04-03 15:41:14,2019-04-03 15:45:44,"IP Address","128.147.28.1","100","269","TRUE",2019-04-03 15:45:45,"R_1jjIeeDOhJ1N4li"
"118",2019-04-03 15:40:06,2019-04-03 15:46:33,"IP Address","174.196.137.194","100","386","TRUE",2019-04-03 15:46:34,"R_xzkQKNNZmb6hJG9"
"119",2019-04-03 15:41:30,2019-04-03 15:47:32,"IP Address","167.66.32.10","100","361","TRUE",2019-04-03 15:47:33,"R_2RRlTI07FhZZwYX"
"120",2019-04-03 15:45:39,2019-04-03 15:52:15,"IP Address","198.217.64.23","100","396","TRUE",2019-04-03 15:52:17,"R_SNnl5Dkt6pUS12N"
"121",2019-04-03 15:44:32,2019-04-03 15:52:29,"IP Address","204.60.184.1","100","476","TRUE",2019-04-03 15:52:30,"R_3KPXJood2quB2Lz"
"122",2019-04-03 16:00:26,2019-04-03 16:10:17,"IP Address","66.31.86.104","100","591","TRUE",2019-04-03 16:10:18,"R_yjzslnCTqwL1RQd"
"123",2019-04-03 16:08:21,2019-04-03 16:15:05,"IP Address","68.191.32.133","100","403","TRUE",2019-04-03 16:15:06,"R_3sv5eteMoe4REww"
"124",2019-04-03 13:48:01,2019-04-03 16:18:36,"IP Address","204.69.148.225","100","9034","TRUE",2019-04-03 16:18:37,"R_3g0XmrW5LcK18HB"
"125",2019-04-03 16:23:51,2019-04-03 16:30:06,"IP Address","146.79.254.10","100","374","TRUE",2019-04-03 16:30:07,"R_4UUjdSvA7nQiIh3"
"126",2019-04-03 13:04:15,2019-04-03 16:34:44,"IP Address","74.75.224.109","100","12628","TRUE",2019-04-03 16:34:45,"R_3J9RbTDrlwQZQxM"
"127",2019-04-03 16:30:34,2019-04-03 16:35:32,"IP Address","174.193.128.170","100","298","TRUE",2019-04-03 16:35:33,"R_ekyiYFO6nROlyCd"
"128",2019-04-03 16:32:26,2019-04-03 16:36:56,"IP Address","66.97.162.12","100","269","TRUE",2019-04-03 16:36:57,"R_3pl6iBnoQ9dLCY0"
"129",2019-04-03 16:29:16,2019-04-03 16:37:37,"IP Address","172.56.11.5","100","501","TRUE",2019-04-03 16:37:38,"R_33lmbnwEbZevsjc"
"130",2019-04-03 16:25:56,2019-04-03 16:37:42,"IP Address","170.163.32.2","100","705","TRUE",2019-04-03 16:37:43,"R_33Ex0Qb6IF5Sdr9"
"131",2019-04-03 16:32:00,2019-04-03 16:39:43,"IP Address","64.7.71.214","100","462","TRUE",2019-04-03 16:39:44,"R_6G6ujyIhQJhkICJ"
"132",2019-04-03 16:35:31,2019-04-03 16:41:33,"IP Address","209.160.147.198","100","361","TRUE",2019-04-03 16:41:34,"R_Tim2DjKINv8CDNT"
"133",2019-04-03 16:35:58,2019-04-03 16:41:36,"IP Address","73.167.245.75","100","337","TRUE",2019-04-03 16:41:37,"R_24kE9W5KwDA9Chu"
"134",2019-04-03 16:39:12,2019-04-03 16:50:07,"IP Address","198.217.64.23","100","654","TRUE",2019-04-03 16:50:08,"R_1oq1sQInH6fNplf"
"135",2019-04-03 16:44:46,2019-04-03 16:54:06,"IP Address","174.235.137.242","100","560","TRUE",2019-04-03 16:54:07,"R_pLzu1JBmIUcNsIh"
"136",2019-04-03 16:43:52,2019-04-03 16:54:28,"IP Address","72.66.26.251","100","635","TRUE",2019-04-03 16:54:29,"R_2bHHuBOHSqBdGRX"
"137",2019-04-03 16:49:22,2019-04-03 16:57:00,"IP Address","66.188.62.86","100","458","TRUE",2019-04-03 16:57:01,"R_3CDEPxMT1sPB5uY"
"138",2019-04-03 16:58:55,2019-04-03 17:07:28,"IP Address","73.171.18.246","100","512","TRUE",2019-04-03 17:07:29,"R_1OHtJXW6qdCkgp7"
"139",2019-04-03 17:07:48,2019-04-03 17:15:11,"IP Address","107.77.198.100","100","442","TRUE",2019-04-03 17:15:12,"R_25NOVruS3Rszhc9"
"140",2019-04-03 17:16:54,2019-04-03 17:24:03,"IP Address","198.217.64.23","100","429","TRUE",2019-04-03 17:24:04,"R_2dor0Vdhwlw9oeJ"
"141",2019-04-03 17:19:24,2019-04-03 17:28:45,"IP Address","107.77.230.149","100","560","TRUE",2019-04-03 17:28:46,"R_3OibyDfRcRyx1xZ"
"142",2019-04-03 14:22:36,2019-04-03 17:28:52,"IP Address","73.136.186.172","100","11175","TRUE",2019-04-03 17:28:53,"R_2xPnpNFoRsGda06"
"143",2019-04-03 17:32:23,2019-04-03 17:50:40,"IP Address","174.204.17.169","100","1097","TRUE",2019-04-03 17:50:41,"R_2pQ4FOFG4LnulRa"
"144",2019-04-03 17:45:09,2019-04-03 17:51:14,"IP Address","65.222.142.10","100","364","TRUE",2019-04-03 17:51:14,"R_1DP7xYHJKg4BNBq"
"145",2019-04-03 15:54:48,2019-04-03 17:51:36,"IP Address","107.77.234.190","100","7008","TRUE",2019-04-03 17:51:37,"R_9oCcdxXC4UcvKoh"
"146",2019-04-03 17:53:32,2019-04-03 18:02:50,"IP Address","99.203.129.171","100","557","TRUE",2019-04-03 18:02:51,"R_OASzoyiJ61us8ut"
"147",2019-04-03 18:08:56,2019-04-03 18:12:55,"IP Address","137.54.89.58","100","238","TRUE",2019-04-03 18:12:57,"R_242TfSJ31UwgYly"
"148",2019-04-03 17:56:08,2019-04-03 18:14:17,"IP Address","104.33.82.5","100","1088","TRUE",2019-04-03 18:14:18,"R_3Iq8P6WwHstMqCR"
"149",2019-04-03 18:15:41,2019-04-03 18:20:46,"IP Address","50.224.246.126","100","304","TRUE",2019-04-03 18:20:47,"R_5gmF6Raw2Plnr0Z"
"150",2019-04-03 18:15:39,2019-04-03 18:21:31,"IP Address","72.83.3.173","100","352","TRUE",2019-04-03 18:21:32,"R_1gnX5alkjfPMbpi"
"151",2019-04-03 18:16:35,2019-04-03 18:21:55,"IP Address","65.131.199.201","100","319","TRUE",2019-04-03 18:21:56,"R_Dvjyq3SCfCv4Lo5"
"152",2019-04-03 18:14:05,2019-04-03 18:22:02,"IP Address","75.134.71.18","100","477","TRUE",2019-04-03 18:22:03,"R_BJRxItXf7bH3wuB"
"153",2019-04-03 18:15:08,2019-04-03 18:25:02,"IP Address","38.65.207.205","100","594","TRUE",2019-04-03 18:25:03,"R_2SIGfYikSraiTso"
"154",2019-04-03 18:19:14,2019-04-03 18:25:32,"IP Address","24.15.113.141","100","377","TRUE",2019-04-03 18:25:33,"R_2QQFH9r4k4Q5hmE"
"155",2019-04-03 18:37:52,2019-04-03 18:47:29,"IP Address","71.222.50.123","100","576","TRUE",2019-04-03 18:47:30,"R_cTjliabXDkSvp7z"
"156",2019-04-03 18:42:27,2019-04-03 18:49:28,"IP Address","97.105.23.50","100","420","TRUE",2019-04-03 18:49:29,"R_3nbXxDP51a5yRtW"
"157",2019-04-03 18:45:19,2019-04-03 18:50:23,"IP Address","70.126.71.85","100","303","TRUE",2019-04-03 18:50:24,"R_7Ojje70MDq8CDoB"
"158",2019-04-03 18:45:25,2019-04-03 18:53:29,"IP Address","98.182.62.45","100","483","TRUE",2019-04-03 18:53:30,"R_2OJ6fzyH6mO13o3"
"159",2019-04-03 18:47:15,2019-04-03 18:58:33,"IP Address","74.197.212.96","100","678","TRUE",2019-04-03 18:58:35,"R_2xxiSMToluI4OGP"
"160",2019-04-03 18:47:46,2019-04-03 18:59:11,"IP Address","98.197.174.39","100","684","TRUE",2019-04-03 18:59:12,"R_3HUea9fHNbGcXWi"
"161",2019-04-03 18:56:50,2019-04-03 19:02:15,"IP Address","162.216.75.15","100","324","TRUE",2019-04-03 19:02:16,"R_ssZQObBHakqrMm5"
"162",2019-04-03 18:51:58,2019-04-03 19:05:52,"IP Address","76.190.217.25","100","834","TRUE",2019-04-03 19:05:53,"R_TjEuO3XLd88UjU5"
"163",2019-04-03 19:06:35,2019-04-03 19:13:18,"IP Address","108.80.9.122","100","403","TRUE",2019-04-03 19:13:19,"R_1gUD066hRkwBTAM"
"164",2019-04-03 19:04:23,2019-04-03 19:13:27,"IP Address","68.33.77.12","100","543","TRUE",2019-04-03 19:13:28,"R_24orGXbblnCJBoA"
"165",2019-04-03 19:17:39,2019-04-03 19:29:07,"IP Address","107.145.42.221","100","687","TRUE",2019-04-03 19:29:08,"R_2Yb7dGkoZ6QepsT"
"166",2019-04-03 19:27:37,2019-04-03 19:35:33,"IP Address","47.135.106.209","100","475","TRUE",2019-04-03 19:35:34,"R_29RBcrCMyRVL2Xn"
"167",2019-04-03 19:26:54,2019-04-03 19:37:04,"IP Address","75.54.53.127","100","609","TRUE",2019-04-03 19:37:05,"R_22qXmjAkdSOZuEJ"
"168",2019-04-03 19:31:04,2019-04-03 19:40:24,"IP Address","47.35.97.28","100","560","TRUE",2019-04-03 19:40:25,"R_3M3UCtTj1H0WL1w"
"169",2019-04-03 19:32:25,2019-04-03 19:51:22,"IP Address","73.23.160.41","100","1136","TRUE",2019-04-03 19:51:23,"R_2QK7X5lj1YUfEtE"
"170",2019-04-03 19:43:08,2019-04-03 19:52:58,"IP Address","72.132.194.163","100","590","TRUE",2019-04-03 19:52:59,"R_3jUxiQkynznWRRO"
"171",2019-04-03 19:47:50,2019-04-03 19:56:28,"IP Address","140.190.2.63","100","518","TRUE",2019-04-03 19:56:31,"R_wT1y7VfoDTvIM0N"
"172",2019-04-03 20:00:02,2019-04-03 20:06:30,"IP Address","97.83.42.74","100","388","TRUE",2019-04-03 20:06:32,"R_9TWPda4TEJ1W8h3"
"173",2019-04-03 20:00:53,2019-04-03 20:06:39,"IP Address","204.118.66.200","100","345","TRUE",2019-04-03 20:06:40,"R_2TFzjIShYCcrR8d"
"174",2019-04-03 20:00:28,2019-04-03 20:09:15,"IP Address","12.14.169.245","100","526","TRUE",2019-04-03 20:09:16,"R_1ePoIvm81bKXyhR"
"175",2019-04-03 20:04:44,2019-04-03 20:12:14,"IP Address","71.9.128.29","100","450","TRUE",2019-04-03 20:12:15,"R_blr9EJ9FTcvfkwp"
"176",2019-04-03 20:09:37,2019-04-03 20:16:06,"IP Address","174.58.137.20","100","388","TRUE",2019-04-03 20:16:06,"R_2Qna39tBxkVpFz0"
"177",2019-04-03 20:11:46,2019-04-03 20:18:45,"IP Address","104.189.65.68","100","418","TRUE",2019-04-03 20:18:46,"R_3oyJ8Hn3JsOAi49"
"178",2019-04-03 20:14:38,2019-04-03 20:24:12,"IP Address","174.226.130.158","100","574","TRUE",2019-04-03 20:24:13,"R_297f0GpHjnsu0Xw"
"179",2019-04-03 20:16:11,2019-04-03 20:24:45,"IP Address","73.29.143.59","100","514","TRUE",2019-04-03 20:24:47,"R_3e8MghRMcw04W17"
"180",2019-04-03 20:23:58,2019-04-03 20:31:18,"IP Address","67.176.142.127","100","439","TRUE",2019-04-03 20:31:18,"R_2ALkPG0r0dHuY3e"
"181",2019-04-03 20:31:09,2019-04-03 20:40:50,"IP Address","107.77.211.195","100","580","TRUE",2019-04-03 20:40:52,"R_3q7EdBQU4QymPvi"
"182",2019-04-03 20:41:04,2019-04-03 20:47:34,"IP Address","108.216.117.63","100","389","TRUE",2019-04-03 20:47:35,"R_UGShrNOVZ37hPX3"
"183",2019-04-03 20:28:45,2019-04-03 21:02:20,"IP Address","147.206.5.55","100","2015","TRUE",2019-04-03 21:02:21,"R_1GKrpy46LPu2RCE"
"184",2019-04-03 21:02:37,2019-04-03 21:07:18,"IP Address","70.122.24.171","100","280","TRUE",2019-04-03 21:07:19,"R_2Uguan44o8nFufT"
"185",2019-04-03 21:05:36,2019-04-03 21:13:37,"IP Address","71.146.65.122","100","481","TRUE",2019-04-03 21:13:38,"R_2dDSnGKmDLpOpp6"
"186",2019-04-03 21:11:59,2019-04-03 21:19:20,"IP Address","73.40.41.81","100","440","TRUE",2019-04-03 21:19:21,"R_e2km70xx5m2XkIx"
"187",2019-04-03 21:17:35,2019-04-03 21:27:29,"IP Address","107.184.136.128","100","593","TRUE",2019-04-03 21:27:30,"R_33s7r8DhxyBS6f2"
"188",2019-04-03 21:33:27,2019-04-03 21:45:16,"IP Address","67.183.209.148","100","709","TRUE",2019-04-03 21:45:17,"R_1Lw0CyqNi9nuTLJ"
"189",2019-04-03 19:40:12,2019-04-03 21:46:21,"IP Address","73.231.0.249","100","7569","TRUE",2019-04-03 21:46:22,"R_3rNDC1HXq2Wldm7"
"190",2019-04-03 21:33:52,2019-04-03 21:48:11,"IP Address","76.87.195.50","100","858","TRUE",2019-04-03 21:48:12,"R_10NIGkfQPzpbtK7"
"191",2019-04-03 21:43:30,2019-04-03 21:51:51,"IP Address","66.73.105.44","100","500","TRUE",2019-04-03 21:51:52,"R_1qh8wdXV8w025Bf"
"192",2019-04-03 21:51:19,2019-04-03 22:00:41,"IP Address","100.11.122.106","100","561","TRUE",2019-04-03 22:00:42,"R_3m3vlmiUumT8uP9"
"193",2019-04-03 22:15:24,2019-04-03 22:24:57,"IP Address","47.216.139.164","100","573","TRUE",2019-04-03 22:24:59,"R_2Pjb7mVfJh70Qdo"
"194",2019-04-03 22:13:32,2019-04-03 22:27:39,"IP Address","108.236.55.164","100","847","TRUE",2019-04-03 22:27:40,"R_Dw795FNyMMBKa1r"
"195",2019-04-03 22:21:24,2019-04-03 22:31:01,"IP Address","73.212.61.129","100","576","TRUE",2019-04-03 22:31:02,"R_1IHkkK2ikNwKqc3"
"196",2019-04-03 13:14:07,2019-04-03 22:33:07,"IP Address","216.12.60.99","100","33540","TRUE",2019-04-03 22:33:08,"R_2QJWNQuDqaIF1p6"
"197",2019-04-03 22:27:58,2019-04-03 22:34:43,"IP Address","75.33.196.57","100","405","TRUE",2019-04-03 22:34:44,"R_1lnLOl7fk1geUab"
"198",2019-04-03 22:43:21,2019-04-03 22:51:20,"IP Address","97.102.241.175","100","479","TRUE",2019-04-03 22:51:21,"R_2QMKrSOdfLy3tag"
"199",2019-04-03 23:23:48,2019-04-03 23:33:48,"IP Address","71.200.119.47","100","600","TRUE",2019-04-03 23:33:49,"R_2ZNWvtgHdRT7bDf"
"200",2019-04-04 00:03:32,2019-04-04 00:10:15,"IP Address","76.175.155.125","100","402","TRUE",2019-04-04 00:10:16,"R_3kIhwPTFHdyC1S2"
"201",2019-04-03 23:59:10,2019-04-04 00:11:06,"IP Address","73.15.226.50","100","716","TRUE",2019-04-04 00:11:07,"R_1gqdqDAYOJvfGYi"
"202",2019-04-04 00:13:29,2019-04-04 00:31:08,"IP Address","108.170.49.166","100","1058","TRUE",2019-04-04 00:31:09,"R_3frz2KPFQzU0avu"
"203",2019-04-04 00:28:51,2019-04-04 00:36:21,"IP Address","68.2.225.5","100","448","TRUE",2019-04-04 00:36:21,"R_QoyRwSxCMZxtX3P"
"204",2019-04-04 00:36:42,2019-04-04 00:40:21,"IP Address","204.68.32.6","100","218","TRUE",2019-04-04 00:40:22,"R_O3VrldCPp3bm8sp"
"205",2019-04-04 00:53:24,2019-04-04 01:00:55,"IP Address","71.93.101.211","100","450","TRUE",2019-04-04 01:00:55,"R_3qmWj1nzSyK9uvm"
"206",2019-04-04 00:58:08,2019-04-04 01:09:45,"IP Address","76.171.46.211","100","697","TRUE",2019-04-04 01:09:46,"R_3inhAvQlv6WtvX7"
"207",2019-04-04 01:20:13,2019-04-04 01:30:12,"IP Address","24.205.155.35","100","599","TRUE",2019-04-04 01:30:13,"R_2rGwMUXdMkI0bzQ"
"208",2019-04-04 03:42:52,2019-04-04 03:56:24,"IP Address","68.196.213.142","100","812","TRUE",2019-04-04 03:56:25,"R_2wsQ8LinWZIu9jf"
"209",2019-04-04 05:24:02,2019-04-04 05:28:30,"IP Address","99.52.165.245","100","268","TRUE",2019-04-04 05:28:31,"R_24DiETECyd9caAt"
"210",2019-04-04 05:30:39,2019-04-04 05:36:58,"IP Address","174.60.173.207","100","379","TRUE",2019-04-04 05:36:59,"R_274o2V4v6EQKaR6"
"211",2019-04-04 05:33:44,2019-04-04 05:41:06,"IP Address","98.145.135.100","100","441","TRUE",2019-04-04 05:41:07,"R_1dAkATvs6v5JC9i"
"212",2019-04-04 05:34:17,2019-04-04 05:41:55,"IP Address","128.147.28.72","100","458","TRUE",2019-04-04 05:41:56,"R_2X6Xy2FburWyANc"
"213",2019-04-04 05:49:37,2019-04-04 05:58:05,"IP Address","24.1.236.24","100","508","TRUE",2019-04-04 05:58:06,"R_2WPhm8CzPiSaXs7"
"214",2019-04-04 05:52:19,2019-04-04 06:01:14,"IP Address","73.155.53.10","100","534","TRUE",2019-04-04 06:01:15,"R_31clVVO2m31YR2r"
"215",2019-04-03 14:11:34,2019-04-04 06:19:17,"IP Address","74.217.93.205","100","58063","TRUE",2019-04-04 06:19:18,"R_XvPXAmhWHGUfFhn"
"216",2019-04-04 06:13:31,2019-04-04 06:27:29,"IP Address","170.76.152.4","100","838","TRUE",2019-04-04 06:27:30,"R_3gUc6giNus5r5xA"
"217",2019-04-04 06:28:35,2019-04-04 06:38:18,"IP Address","128.147.28.77","100","582","TRUE",2019-04-04 06:38:19,"R_24GaLhJUqZMXI4A"
"218",2019-04-04 07:02:44,2019-04-04 07:10:08,"IP Address","172.116.38.94","100","443","TRUE",2019-04-04 07:10:08,"R_12PFPXTM8Pfaodm"
"219",2019-04-04 07:03:04,2019-04-04 07:10:41,"IP Address","204.60.184.1","100","456","TRUE",2019-04-04 07:10:41,"R_2dtDqyVWTRonRJ0"
"220",2019-04-04 07:05:38,2019-04-04 07:11:31,"IP Address","128.147.28.65","100","352","TRUE",2019-04-04 07:11:32,"R_3prwrbuBF3CZB6B"
"221",2019-04-04 07:10:01,2019-04-04 07:15:30,"IP Address","198.140.228.10","100","328","TRUE",2019-04-04 07:15:31,"R_23GdT99qIZkujPb"
"222",2019-04-04 07:15:40,2019-04-04 07:19:52,"IP Address","169.147.254.130","100","251","TRUE",2019-04-04 07:19:53,"R_1eVRb2wNJ9pSgKp"
"223",2019-04-04 07:26:24,2019-04-04 07:32:55,"IP Address","74.83.18.9","100","390","TRUE",2019-04-04 07:32:56,"R_3344N6THe7thzHH"
"224",2019-04-04 07:51:39,2019-04-04 08:01:32,"IP Address","137.54.86.84","100","592","TRUE",2019-04-04 08:01:33,"R_2fwjcZzQAD0h8Tk"
"225",2019-04-04 08:03:55,2019-04-04 08:10:04,"IP Address","199.242.168.195","100","368","TRUE",2019-04-04 08:10:05,"R_3q8rNe9dULGq2gg"
"226",2019-04-04 08:14:25,2019-04-04 08:26:31,"IP Address","165.171.240.51","100","725","TRUE",2019-04-04 08:26:31,"R_3Ny78jxJtWHUwOH"
"227",2019-04-04 08:22:28,2019-04-04 08:28:54,"IP Address","216.68.236.9","100","385","TRUE",2019-04-04 08:28:55,"R_1esqfaFjAU3rD2l"
"228",2019-04-04 08:25:57,2019-04-04 08:29:37,"IP Address","64.234.103.102","100","219","TRUE",2019-04-04 08:29:38,"R_2YzF6xbxmjbXPHS"
"229",2019-04-04 08:30:16,2019-04-04 08:37:19,"IP Address","76.23.4.17","100","422","TRUE",2019-04-04 08:37:20,"R_3flxTyDl7S1TD3y"
"230",2019-04-04 08:31:10,2019-04-04 08:44:35,"IP Address","128.147.28.77","100","804","TRUE",2019-04-04 08:44:35,"R_2P5c9a2i5FYBjxA"
"231",2019-04-04 08:36:54,2019-04-04 08:44:45,"IP Address","24.176.93.18","100","470","TRUE",2019-04-04 08:44:46,"R_DTOZX8mSjl7kTrb"
"232",2019-04-04 08:49:21,2019-04-04 08:52:22,"IP Address","73.111.255.131","100","181","TRUE",2019-04-04 08:52:23,"R_r9eKy8PCPZ0iOgF"
"233",2019-04-04 08:48:14,2019-04-04 08:55:00,"IP Address","72.21.65.171","100","406","TRUE",2019-04-04 08:55:01,"R_2VHKmBMBiPTSTHK"
"234",2019-04-04 09:08:53,2019-04-04 09:13:16,"IP Address","96.47.52.134","100","263","TRUE",2019-04-04 09:13:17,"R_1LMWp2lhPCJ5rGk"
"235",2019-04-04 09:13:47,2019-04-04 09:19:07,"IP Address","98.102.204.110","100","319","TRUE",2019-04-04 09:19:08,"R_1imo8s0PwrhVsgZ"
"236",2019-04-04 09:39:14,2019-04-04 09:46:02,"IP Address","169.147.254.133","100","408","TRUE",2019-04-04 09:46:03,"R_1jdhJn9F7mzZRwJ"
"237",2019-04-04 09:41:39,2019-04-04 09:48:27,"IP Address","205.174.84.200","100","407","TRUE",2019-04-04 09:48:28,"R_2TH98pQwy92SSRk"
"238",2019-04-04 09:43:55,2019-04-04 09:52:23,"IP Address","167.73.35.113","100","508","TRUE",2019-04-04 09:52:24,"R_3HpoVK3OSsHRwYL"
"239",2019-04-04 10:02:46,2019-04-04 10:10:54,"IP Address","75.11.233.254","100","487","TRUE",2019-04-04 10:10:55,"R_2VkdraEis8qRDeS"
"240",2019-04-04 10:03:56,2019-04-04 10:14:20,"IP Address","174.229.8.38","100","623","TRUE",2019-04-04 10:14:21,"R_2cisQlmhbQ6kncw"
"241",2019-04-04 10:19:04,2019-04-04 10:28:10,"IP Address","162.129.251.240","100","545","TRUE",2019-04-04 10:28:10,"R_1cSXI0rTezqThwe"
"242",2019-04-04 10:27:28,2019-04-04 10:36:39,"IP Address","174.199.4.246","100","551","TRUE",2019-04-04 10:36:40,"R_3L6izdxADz8jbQ1"
"243",2019-04-04 10:34:53,2019-04-04 10:41:42,"IP Address","174.230.145.176","100","408","TRUE",2019-04-04 10:41:43,"R_RWVcje3ezqZefCh"
"244",2019-04-04 10:48:20,2019-04-04 10:53:40,"IP Address","156.145.165.33","100","319","TRUE",2019-04-04 10:53:41,"R_xhny4I0EPxWYe3f"
"245",2019-04-04 10:52:12,2019-04-04 10:57:15,"IP Address","128.147.28.66","100","302","TRUE",2019-04-04 10:57:15,"R_1OvQ38FZ3fvLLoS"
"246",2019-04-04 10:46:03,2019-04-04 11:05:25,"IP Address","76.168.179.12","100","1162","TRUE",2019-04-04 11:05:26,"R_3Jran6ByZvdzuRr"
"247",2019-04-04 10:57:46,2019-04-04 11:06:56,"IP Address","65.33.70.162","100","550","TRUE",2019-04-04 11:06:57,"R_2uCjicpe3l9qq6V"
"248",2019-04-04 11:02:25,2019-04-04 11:08:21,"IP Address","99.44.114.114","100","355","TRUE",2019-04-04 11:08:22,"R_ThEs7xEUDG59xhT"
"249",2019-04-04 11:34:45,2019-04-04 11:41:35,"IP Address","174.227.133.104","100","409","TRUE",2019-04-04 11:41:58,"R_3I043QT0vgYYmuI"
"250",2019-04-04 12:44:16,2019-04-04 12:50:21,"IP Address","168.235.1.4","100","365","TRUE",2019-04-04 12:50:22,"R_2VyZOg7qb9Owlld"
"251",2019-04-04 12:51:03,2019-04-04 12:57:28,"IP Address","24.73.187.222","100","384","TRUE",2019-04-04 12:57:29,"R_e2TQsSYpau8KKdP"
"252",2019-04-04 12:50:01,2019-04-04 13:00:11,"IP Address","163.230.237.52","100","609","TRUE",2019-04-04 13:00:12,"R_33EcRzxxKShM9Vy"
"253",2019-04-04 12:59:51,2019-04-04 13:11:27,"IP Address","173.246.234.254","100","696","TRUE",2019-04-04 13:11:28,"R_124qPa9X1nRrRRI"
"254",2019-04-04 13:10:56,2019-04-04 13:30:30,"IP Address","99.203.10.110","100","1173","TRUE",2019-04-04 13:30:31,"R_33a0ouBqpN5BES9"
"255",2019-04-04 13:36:39,2019-04-04 13:47:27,"IP Address","24.119.47.123","100","647","TRUE",2019-04-04 13:47:27,"R_0c5O1b64sEPEgdb"
"256",2019-04-04 13:49:29,2019-04-04 13:57:27,"IP Address","129.176.151.18","100","477","TRUE",2019-04-04 13:57:28,"R_oYPMToAN7XsKeZP"
"257",2019-04-03 14:50:53,2019-04-04 14:31:27,"IP Address","216.68.236.9","100","85233","TRUE",2019-04-04 14:31:28,"R_wMfzmbO7qeRt4rv"
"258",2019-04-04 14:27:26,2019-04-04 14:32:42,"IP Address","128.147.28.1","100","315","TRUE",2019-04-04 14:32:43,"R_qC8Zbi8laMvH1rX"
"259",2019-04-04 14:29:37,2019-04-04 14:49:02,"IP Address","152.16.191.41","100","1164","TRUE",2019-04-04 14:49:03,"R_2eR1CMwRdKUq8cA"
"260",2019-04-04 14:48:49,2019-04-04 14:56:10,"IP Address","98.200.170.125","100","441","TRUE",2019-04-04 14:56:11,"R_2ym9buShp1z8BZr"
"261",2019-04-04 15:34:29,2019-04-04 15:41:54,"IP Address","66.194.2.2","100","444","TRUE",2019-04-04 15:41:55,"R_1I4U8A0E9sKmoQt"
"262",2019-04-04 15:42:43,2019-04-04 15:47:09,"IP Address","64.90.79.120","100","266","TRUE",2019-04-04 15:47:10,"R_5aJo31QeUA8UXOp"
"263",2019-04-04 15:44:33,2019-04-04 15:52:03,"IP Address","144.74.1.79","100","449","TRUE",2019-04-04 15:52:04,"R_T5j90aK1KUWWgdH"
"264",2019-04-04 15:51:09,2019-04-04 15:57:44,"IP Address","152.79.255.1","100","394","TRUE",2019-04-04 15:57:45,"R_3FPQwOIsgUI7eZs"
"265",2019-04-04 16:43:55,2019-04-04 16:49:57,"IP Address","198.153.9.220","100","362","TRUE",2019-04-04 16:49:59,"R_3lG0OVQ6kDlmqYb"
"266",2019-04-04 18:25:28,2019-04-04 18:33:30,"IP Address","135.26.1.58","100","482","TRUE",2019-04-04 18:33:31,"R_1jkt8UZjP0oLqSE"
"267",2019-04-04 18:36:23,2019-04-04 18:46:07,"IP Address","69.123.202.146","100","584","TRUE",2019-04-04 18:46:08,"R_25GtW6ekyniAT99"
"268",2019-04-04 19:19:35,2019-04-04 19:31:09,"IP Address","68.109.53.7","100","693","TRUE",2019-04-04 19:31:10,"R_2sbX3hgbDDqxGYM"
"269",2019-04-04 19:30:39,2019-04-04 19:38:19,"IP Address","174.206.55.47","100","459","TRUE",2019-04-04 19:38:20,"R_1GKcABR2BZcUKET"
"270",2019-04-04 19:37:21,2019-04-04 19:47:36,"IP Address","104.48.177.118","100","615","TRUE",2019-04-04 19:47:37,"R_OedYHGqygeEveTf"
"271",2019-04-04 19:45:23,2019-04-04 19:52:24,"IP Address","216.103.147.129","100","420","TRUE",2019-04-04 19:52:25,"R_ymVDxZulM1wJXqN"
"272",2019-04-04 19:43:47,2019-04-04 19:52:58,"IP Address","96.59.187.219","100","551","TRUE",2019-04-04 19:52:59,"R_3hi5tR1d9Hmdv7A"
"273",2019-04-04 19:56:57,2019-04-04 20:04:16,"IP Address","45.52.11.4","100","438","TRUE",2019-04-04 20:04:16,"R_URN9ZBkfAq4nW6Z"
"274",2019-04-04 20:39:02,2019-04-04 20:50:37,"IP Address","99.45.98.31","100","695","TRUE",2019-04-04 20:50:38,"R_cMiNek9Oyf3r0qt"
"275",2019-04-04 20:57:28,2019-04-04 21:05:07,"IP Address","45.30.182.78","100","458","TRUE",2019-04-04 21:05:08,"R_1gT3IoXw1hTIo41"
"276",2019-04-04 21:32:22,2019-04-04 21:39:07,"IP Address","173.22.68.72","100","405","TRUE",2019-04-04 21:39:08,"R_Wkeq607BuVkaPMB"
"277",2019-04-04 21:43:01,2019-04-04 21:56:21,"IP Address","24.30.144.12","100","799","TRUE",2019-04-04 21:56:22,"R_2EmjjFIWnoumIV3"
"278",2019-04-04 21:34:29,2019-04-04 22:05:40,"IP Address","108.199.239.231","100","1871","TRUE",2019-04-04 22:05:41,"R_3dE2kHwC5S81lq2"
"279",2019-04-04 22:37:48,2019-04-04 22:46:05,"IP Address","24.5.124.15","100","496","TRUE",2019-04-04 22:46:06,"R_1Cecrece8Ex4NNN"
"280",2019-04-05 00:47:23,2019-04-05 00:56:48,"IP Address","71.212.137.114","100","565","TRUE",2019-04-05 00:56:49,"R_2v0IZRj1DPIQzUH"
"281",2019-04-05 04:25:48,2019-04-05 04:32:19,"IP Address","199.87.130.129","100","390","TRUE",2019-04-05 04:32:20,"R_1BOZ2fqUzDiRQZ7"
"282",2019-04-05 06:28:19,2019-04-05 06:44:06,"IP Address","128.147.28.79","100","946","TRUE",2019-04-05 06:44:07,"R_SJckI96EUbYVL8t"
"283",2019-04-05 07:26:44,2019-04-05 07:42:17,"IP Address","12.151.138.194","100","932","TRUE",2019-04-05 07:42:19,"R_1ILd98kyYwusPYJ"
"284",2019-04-05 07:53:52,2019-04-05 08:05:07,"IP Address","99.189.135.1","100","675","TRUE",2019-04-05 08:05:08,"R_potM8pDHvElcXhD"
"285",2019-04-05 08:08:22,2019-04-05 08:16:45,"IP Address","47.41.190.95","100","503","TRUE",2019-04-05 08:16:47,"R_2q1PHCTm1RPVsZP"
"286",2019-04-05 08:19:57,2019-04-05 08:28:44,"IP Address","107.0.160.152","100","526","TRUE",2019-04-05 08:28:45,"R_oYn7VaozRQhtxmx"
"287",2019-04-05 10:15:19,2019-04-05 10:18:17,"IP Address","208.253.115.11","100","177","TRUE",2019-04-05 10:18:18,"R_3emnbWAwoYwnZ7I"
"288",2019-04-05 09:51:22,2019-04-05 10:32:32,"IP Address","156.111.140.94","100","2470","TRUE",2019-04-05 10:32:33,"R_1pYFZ1kLEOUFI4M"
"289",2019-04-05 12:36:53,2019-04-05 12:51:53,"IP Address","166.216.158.141","100","899","TRUE",2019-04-05 12:51:54,"R_3JttfD7iLMiTHgM"
"290",2019-04-05 13:13:30,2019-04-05 13:23:48,"IP Address","173.30.182.122","100","618","TRUE",2019-04-05 13:23:49,"R_3KZsNMr2gA25b4v"
"291",2019-04-05 14:17:26,2019-04-05 14:22:42,"IP Address","24.144.160.34","100","315","TRUE",2019-04-05 14:22:43,"R_ZdBD3GrAuqbUOqt"
"292",2019-04-05 15:03:53,2019-04-05 15:11:28,"IP Address","199.231.27.235","100","454","TRUE",2019-04-05 15:11:29,"R_1FaYI0i9NqMlGvk"
"293",2019-04-05 15:25:45,2019-04-05 15:33:37,"IP Address","168.235.1.4","100","471","TRUE",2019-04-05 15:33:38,"R_ymVORjGX8vjn6St"
"294",2019-04-03 13:37:30,2019-04-05 15:39:52,"IP Address","174.228.14.65","100","180141","TRUE",2019-04-05 15:39:53,"R_3iCK8LAy8SY207x"
"295",2019-04-05 16:27:40,2019-04-05 16:37:58,"IP Address","99.203.3.73","100","617","TRUE",2019-04-05 16:37:59,"R_XY38mXhYz1KGPGV"
"296",2019-04-05 16:39:14,2019-04-05 16:43:41,"IP Address","104.129.198.71","100","266","TRUE",2019-04-05 16:43:42,"R_1loaxrjZ7vN0ADw"
"297",2019-04-05 16:39:07,2019-04-05 16:44:56,"IP Address","107.77.212.65","100","349","TRUE",2019-04-05 16:44:57,"R_C7HDDijBaPizemJ"
"298",2019-04-05 17:13:08,2019-04-05 17:28:16,"IP Address","24.73.55.167","100","908","TRUE",2019-04-05 17:28:17,"R_3f3pfIghi0pO1i1"
"299",2019-04-05 17:56:49,2019-04-05 18:06:27,"IP Address","71.226.175.9","100","577","TRUE",2019-04-05 18:06:28,"R_10T4hYmWp1rNhXe"
"300",2019-04-05 18:46:48,2019-04-05 18:57:29,"IP Address","24.13.44.221","100","640","TRUE",2019-04-05 18:57:29,"R_324q8H3sCmIDT6a"
"301",2019-04-05 21:35:30,2019-04-05 21:45:43,"IP Address","99.159.213.235","100","612","TRUE",2019-04-05 21:45:44,"R_247p92ATU8jN04e"
"302",2019-04-05 23:32:55,2019-04-05 23:46:26,"IP Address","73.73.72.37","100","811","TRUE",2019-04-05 23:46:27,"R_3iRqTBeWBqcdDns"
"303",2019-04-06 05:48:35,2019-04-06 05:56:50,"IP Address","73.236.110.136","100","494","TRUE",2019-04-06 05:56:51,"R_3OjD2RvAFhcZICx"
"304",2019-04-06 06:41:46,2019-04-06 06:47:34,"IP Address","70.133.221.114","100","348","TRUE",2019-04-06 06:47:35,"R_3fTpqKOW5ODbDfP"
"305",2019-04-06 07:23:00,2019-04-06 07:30:18,"IP Address","192.180.114.208","100","438","TRUE",2019-04-06 07:30:19,"R_3PGLfymkuGLqrme"
"306",2019-04-06 07:55:35,2019-04-06 08:06:24,"IP Address","50.43.26.82","100","648","TRUE",2019-04-06 08:06:37,"R_3Jbo1TKdmL4VNyz"
"307",2019-04-06 10:38:25,2019-04-06 10:44:34,"IP Address","4.31.137.194","100","369","TRUE",2019-04-06 10:44:35,"R_25NPyGw3m7ShUBL"
"308",2019-04-06 11:35:38,2019-04-06 11:43:17,"IP Address","205.175.116.232","100","458","TRUE",2019-04-06 11:43:18,"R_3nCvRchdhUcBkeH"
"309",2019-04-06 12:08:46,2019-04-06 12:22:18,"IP Address","96.8.158.153","100","811","TRUE",2019-04-06 12:22:19,"R_1ewRDl7JCOa2Tcq"
"310",2019-04-06 12:19:21,2019-04-06 12:26:56,"IP Address","72.196.194.52","100","454","TRUE",2019-04-06 12:26:57,"R_2Pot6epTKTQp6KV"
"311",2019-04-06 14:43:49,2019-04-06 14:49:25,"IP Address","67.170.56.201","100","335","TRUE",2019-04-06 14:49:26,"R_2EmlxhWba8z2rnx"
"312",2019-04-06 15:31:34,2019-04-06 15:36:00,"IP Address","73.250.178.70","100","265","TRUE",2019-04-06 15:36:02,"R_3PYTAEvjPkLJJe0"
"313",2019-04-05 18:10:36,2019-04-06 16:31:48,"IP Address","69.135.189.157","100","80472","TRUE",2019-04-06 16:31:49,"R_UVz6UN0ZJGbLLot"
"314",2019-04-06 19:32:55,2019-04-06 19:46:34,"IP Address","107.11.71.146","100","819","TRUE",2019-04-06 19:46:35,"R_8xmo1oGGzkhBIY1"
"315",2019-04-06 21:00:55,2019-04-06 21:08:25,"IP Address","71.237.48.153","100","449","TRUE",2019-04-06 21:08:26,"R_24falphuI5A9BoM"
"316",2019-04-06 23:01:20,2019-04-06 23:06:44,"IP Address","68.107.70.213","100","323","TRUE",2019-04-06 23:06:44,"R_1QKl3RvtEX5Aexk"
"317",2019-04-07 00:56:01,2019-04-07 00:59:47,"IP Address","192.231.86.235","100","226","TRUE",2019-04-07 00:59:48,"R_Qm0pMYHQjgoKAZX"
"318",2019-04-07 07:51:43,2019-04-07 07:57:34,"IP Address","76.23.147.103","100","351","TRUE",2019-04-07 07:57:35,"R_doOoVRq63foDBQd"
"319",2019-04-07 08:06:59,2019-04-07 08:12:40,"IP Address","142.105.211.117","100","340","TRUE",2019-04-07 08:12:41,"R_1IuUq2Hlhmka6s4"
"320",2019-04-07 09:57:32,2019-04-07 10:07:45,"IP Address","75.118.116.182","100","612","TRUE",2019-04-07 10:07:46,"R_x4MoMVNRbYX4mvT"
"321",2019-04-07 10:37:40,2019-04-07 10:54:42,"IP Address","71.235.149.129","100","1021","TRUE",2019-04-07 10:54:43,"R_1r1zhX9Yo9tVrfw"
"322",2019-04-07 10:57:28,2019-04-07 11:08:47,"IP Address","162.135.0.60","100","679","TRUE",2019-04-07 11:08:48,"R_SUxAj8WOAGqeJ7b"
"323",2019-04-07 12:39:18,2019-04-07 12:43:01,"IP Address","73.67.28.19","100","222","TRUE",2019-04-07 12:43:02,"R_3KZ8hvr9laQNTTz"
"324",2019-04-07 13:21:02,2019-04-07 13:24:26,"IP Address","24.247.55.105","100","203","TRUE",2019-04-07 13:24:27,"R_3gLe2Q8uOcYJkIV"
"325",2019-04-07 14:21:01,2019-04-07 14:54:24,"IP Address","150.231.246.1","100","2003","TRUE",2019-04-07 14:54:27,"R_3M4o48lMpmdov75"
"326",2019-04-07 15:51:46,2019-04-07 15:59:59,"IP Address","99.203.28.37","100","491","TRUE",2019-04-07 15:59:59,"R_1juK7uF9I2P9kbB"
"327",2019-04-07 18:00:00,2019-04-07 18:06:00,"IP Address","73.121.221.83","100","359","TRUE",2019-04-07 18:06:01,"R_5cLdSypSj6TriDf"
"328",2019-04-07 19:36:41,2019-04-07 19:43:17,"IP Address","70.121.117.158","100","394","TRUE",2019-04-07 19:43:17,"R_3I9szdUAlky74RJ"
"329",2019-04-07 20:27:04,2019-04-07 20:38:26,"IP Address","167.177.39.8","100","681","TRUE",2019-04-07 20:38:26,"R_1ikz0IsVFnA1fkI"
"330",2019-04-07 20:28:58,2019-04-07 20:40:23,"IP Address","24.3.57.115","100","684","TRUE",2019-04-07 20:40:24,"R_0jmscK6qwLA2mMp"
"331",2019-04-07 22:15:34,2019-04-07 22:23:51,"IP Address","67.143.160.163","100","496","TRUE",2019-04-07 22:23:52,"R_2rYf537ZjNmuBGx"
"332",2019-04-07 22:20:26,2019-04-07 22:34:33,"IP Address","71.75.167.92","100","847","TRUE",2019-04-07 22:34:34,"R_3M40FxtJ4zlvfIt"
"333",2019-04-07 23:19:54,2019-04-07 23:23:21,"IP Address","128.147.28.66","100","206","TRUE",2019-04-07 23:23:22,"R_2SknZC5I7rx3TG8"
"334",2019-04-08 07:07:57,2019-04-08 07:14:28,"IP Address","130.189.226.90","100","390","TRUE",2019-04-08 07:14:29,"R_1NqPK9p7qofd8Uf"
"335",2019-04-08 07:52:39,2019-04-08 07:59:17,"IP Address","38.101.20.2","100","397","TRUE",2019-04-08 07:59:17,"R_6QlhVmqiDn1LRp7"
"336",2019-04-08 08:08:27,2019-04-08 08:18:19,"IP Address","198.251.26.1","100","591","TRUE",2019-04-08 08:18:20,"R_5jXo7Kfs9jtemZ3"
"337",2019-04-08 10:51:38,2019-04-08 11:00:05,"IP Address","166.216.158.122","100","507","TRUE",2019-04-08 11:00:07,"R_1OJqBIvcex7cPDl"
"338",2019-04-03 13:39:27,2019-04-08 11:19:02,"IP Address","204.60.67.237","100","423574","TRUE",2019-04-08 11:19:03,"R_2UiamxMj6gaxfHX"
"339",2019-04-08 11:43:27,2019-04-08 11:51:51,"IP Address","172.92.115.171","100","503","TRUE",2019-04-08 11:51:52,"R_2EiYYCNH57sJWb1"
"340",2019-04-08 13:54:56,2019-04-08 13:58:39,"IP Address","167.171.195.148","100","223","TRUE",2019-04-08 13:58:40,"R_123xFpbFMc7vEjp"
"341",2019-04-08 14:39:30,2019-04-08 14:46:22,"IP Address","128.147.28.77","100","411","TRUE",2019-04-08 14:46:23,"R_2cqg9UGukymTDaW"
"342",2019-04-08 15:28:52,2019-04-08 15:37:43,"IP Address","199.125.16.11","100","530","TRUE",2019-04-08 15:37:43,"R_2rVJr2cvYXsFopN"
"343",2019-04-08 15:32:11,2019-04-08 15:39:46,"IP Address","50.226.147.156","100","455","TRUE",2019-04-08 15:39:48,"R_QowFrRxbpNNVJw5"
"344",2019-04-08 17:05:57,2019-04-08 17:13:37,"IP Address","8.21.104.98","100","460","TRUE",2019-04-08 17:13:38,"R_pSjHTIgLREJBK5b"
"345",2019-04-08 17:48:56,2019-04-08 17:57:45,"IP Address","174.197.3.131","100","528","TRUE",2019-04-08 17:57:46,"R_2E9NPrveL93AurW"
"346",2019-04-08 17:53:07,2019-04-08 18:06:32,"IP Address","108.49.146.100","100","804","TRUE",2019-04-08 18:06:33,"R_1IHuRKfztTM3l4z"
"347",2019-04-08 20:38:43,2019-04-08 20:42:28,"IP Address","100.1.202.252","100","225","TRUE",2019-04-08 20:42:29,"R_1OkLELeVLBJ8Xi9"
"348",2019-04-08 20:45:06,2019-04-08 20:51:21,"IP Address","73.216.179.250","100","375","TRUE",2019-04-08 20:51:22,"R_yrNwWKCFmyDw98t"
"349",2019-04-08 21:46:34,2019-04-08 21:57:45,"IP Address","216.98.90.241","100","670","TRUE",2019-04-08 21:57:45,"R_2wS2fPWpiBZDRFh"
"350",2019-04-09 05:43:43,2019-04-09 06:12:25,"IP Address","73.135.40.95","100","1721","TRUE",2019-04-09 06:12:26,"R_2roKP7ojAxnDIW0"
"351",2019-04-09 08:07:10,2019-04-09 08:13:52,"IP Address","168.85.177.4","100","401","TRUE",2019-04-09 08:13:53,"R_3Goys2LK2jH6bte"
"352",2019-04-09 09:14:32,2019-04-09 09:18:38,"IP Address","12.177.120.10","100","246","TRUE",2019-04-09 09:18:39,"R_31yNzReRIdzxIBy"
"353",2019-04-09 09:16:43,2019-04-09 09:20:15,"IP Address","128.147.28.77","100","211","TRUE",2019-04-09 09:20:16,"R_29gqmNxfMtyOw1l"
"354",2019-04-09 09:13:54,2019-04-09 09:20:46,"IP Address","199.15.144.250","100","411","TRUE",2019-04-09 09:20:47,"R_1lyFCara0MTvfhv"
"355",2019-04-09 09:17:30,2019-04-09 09:22:30,"IP Address","73.93.33.97","100","300","TRUE",2019-04-09 09:22:31,"R_3DnE8LXH4gSFh3N"
"356",2019-04-09 09:16:04,2019-04-09 09:22:45,"IP Address","205.147.237.77","100","399","TRUE",2019-04-09 09:22:45,"R_a8BUmzkvd1TcXw5"
"357",2019-04-09 09:17:31,2019-04-09 09:24:18,"IP Address","128.147.28.1","100","406","TRUE",2019-04-09 09:24:19,"R_WwiyD5A0CY1Zs3f"
"358",2019-04-09 09:16:56,2019-04-09 09:24:26,"IP Address","198.177.95.129","100","449","TRUE",2019-04-09 09:24:26,"R_1IKnfSVnqqPoCbY"
"359",2019-04-09 09:17:34,2019-04-09 09:24:44,"IP Address","198.245.215.4","100","429","TRUE",2019-04-09 09:24:45,"R_1oGaEBxymXjsuFr"
"360",2019-04-09 09:17:46,2019-04-09 09:26:03,"IP Address","199.242.168.195","100","497","TRUE",2019-04-09 09:26:04,"R_pgtchsQTbHYdoEp"
"361",2019-04-03 13:03:01,2019-04-09 09:26:39,"IP Address","75.140.106.162","100","505417","TRUE",2019-04-09 09:26:39,"R_3fdVjossCcffWZG"
"362",2019-04-09 09:19:40,2019-04-09 09:27:47,"IP Address","167.201.241.175","100","486","TRUE",2019-04-09 09:27:48,"R_1hZveqE6LWt3YLA"
"363",2019-04-09 09:22:44,2019-04-09 09:28:05,"IP Address","45.16.68.7","100","320","TRUE",2019-04-09 09:28:06,"R_BsuAhEs7n7guHSN"
"364",2019-04-09 09:23:53,2019-04-09 09:28:10,"IP Address","141.214.17.243","100","256","TRUE",2019-04-09 09:28:11,"R_6yhh59RXqBLB88F"
"365",2019-04-09 09:22:20,2019-04-09 09:28:15,"IP Address","192.250.20.3","100","354","TRUE",2019-04-09 09:28:16,"R_AsNYd3mbI3YmVyh"
"366",2019-04-09 09:18:37,2019-04-09 09:29:28,"IP Address","98.250.4.136","100","650","TRUE",2019-04-09 09:29:29,"R_3fIhVyyFmaPPMfT"
"367",2019-04-09 09:26:08,2019-04-09 09:30:12,"IP Address","67.218.214.14","100","243","TRUE",2019-04-09 09:30:12,"R_2TvLZpSUjt6Ylro"
"368",2019-04-09 09:23:45,2019-04-09 09:31:21,"IP Address","63.247.60.254","100","456","TRUE",2019-04-09 09:31:49,"R_3RjrJMKbON0IuQu"
"369",2019-04-09 09:22:26,2019-04-09 09:32:22,"IP Address","72.83.96.233","100","595","TRUE",2019-04-09 09:32:23,"R_3EzLDbXaZgnZP4i"
"370",2019-04-09 09:21:59,2019-04-09 09:32:40,"IP Address","170.163.160.201","100","640","TRUE",2019-04-09 09:32:40,"R_yCo7nG3u2laOZLr"
"371",2019-04-09 09:27:31,2019-04-09 09:32:48,"IP Address","170.48.2.186","100","316","TRUE",2019-04-09 09:32:48,"R_3HN2Zlu0rQKEkxK"
"372",2019-04-09 09:27:54,2019-04-09 09:32:54,"IP Address","24.248.18.44","100","299","TRUE",2019-04-09 09:32:54,"R_1InOj4QFAgU7wVt"
"373",2019-04-09 09:30:33,2019-04-09 09:33:11,"IP Address","198.232.93.122","100","158","TRUE",2019-04-09 09:33:12,"R_CjliWjlQS52mJup"
"374",2019-04-09 09:25:27,2019-04-09 09:33:20,"IP Address","174.194.19.214","100","472","TRUE",2019-04-09 09:33:21,"R_3lEb8Wbo4y8eiRA"
"375",2019-04-09 09:27:28,2019-04-09 09:33:32,"IP Address","150.231.246.1","100","364","TRUE",2019-04-09 09:33:33,"R_3Jzp1wLeqZsS3el"
"376",2019-04-09 09:28:38,2019-04-09 09:33:38,"IP Address","50.233.222.124","100","299","TRUE",2019-04-09 09:33:39,"R_RKavVu64KLdUABH"
"377",2019-04-09 09:29:23,2019-04-09 09:34:41,"IP Address","199.242.168.245","100","317","TRUE",2019-04-09 09:34:41,"R_6G9fKWmlELuHic9"
"378",2019-04-09 09:30:38,2019-04-09 09:34:49,"IP Address","204.69.148.35","100","250","TRUE",2019-04-09 09:34:50,"R_SP14xL924gBqdb3"
"379",2019-04-09 09:33:46,2019-04-09 09:36:18,"IP Address","216.165.126.118","100","152","TRUE",2019-04-09 09:36:19,"R_1gedSY8QOuCVWDd"
"380",2019-04-09 09:32:45,2019-04-09 09:37:39,"IP Address","208.69.133.72","100","294","TRUE",2019-04-09 09:37:40,"R_1OYKUebkp8p9tFv"
"381",2019-04-09 09:36:13,2019-04-09 09:42:02,"IP Address","208.99.255.146","100","348","TRUE",2019-04-09 09:42:03,"R_3F2JU5zHiBrm0EX"
"382",2019-04-09 09:35:49,2019-04-09 09:42:10,"IP Address","152.28.8.3","100","380","TRUE",2019-04-09 09:42:10,"R_2qsIChLg08W56r8"
"383",2019-04-09 09:31:10,2019-04-09 09:43:15,"IP Address","73.47.97.81","100","724","TRUE",2019-04-09 09:43:16,"R_aeJWjdVelTHGCFr"
"384",2019-04-09 09:39:53,2019-04-09 09:44:06,"IP Address","152.130.6.2","100","253","TRUE",2019-04-09 09:44:07,"R_2w6KBpR9uUnkyVB"
"385",2019-04-09 09:40:38,2019-04-09 09:45:56,"IP Address","172.58.43.42","100","318","TRUE",2019-04-09 09:45:57,"R_1JVejH4grmG2ZcG"
"386",2019-04-09 09:27:04,2019-04-09 09:46:08,"IP Address","137.54.125.247","100","1144","TRUE",2019-04-09 09:46:09,"R_3p9JrQEyM9mkssx"
"387",2019-04-09 09:42:29,2019-04-09 09:48:18,"IP Address","167.201.241.175","100","348","TRUE",2019-04-09 09:48:18,"R_1ddi4vYHyi5xhZg"
"388",2019-04-09 09:42:04,2019-04-09 09:49:04,"IP Address","143.111.84.98","100","419","TRUE",2019-04-09 09:49:05,"R_rkhMkYHsyBuydep"
"389",2019-04-09 09:43:15,2019-04-09 09:49:36,"IP Address","192.101.73.50","100","380","TRUE",2019-04-09 09:49:37,"R_28zIj1gmV4XwX0W"
"390",2019-04-03 13:15:21,2019-04-09 09:51:10,"IP Address","162.82.200.52","100","506148","TRUE",2019-04-09 09:51:11,"R_247C9cMmDWwKhcI"
"391",2019-04-09 09:45:37,2019-04-09 09:51:21,"IP Address","162.129.251.65","100","343","TRUE",2019-04-09 09:51:22,"R_yrbhD8Qe4KldgoF"
"392",2019-04-09 09:47:44,2019-04-09 09:53:04,"IP Address","24.251.244.197","100","319","TRUE",2019-04-09 09:53:05,"R_4ZbrXK2b36BjZtL"
"393",2019-04-04 07:24:25,2019-04-09 09:53:59,"IP Address","172.58.67.171","100","440973","TRUE",2019-04-09 09:54:00,"R_3HTV2Xpsxt6poGV"
"394",2019-04-09 09:38:24,2019-04-09 09:55:00,"IP Address","199.87.130.130","100","996","TRUE",2019-04-09 09:55:02,"R_vIfUPr6MuPlrfY5"
"395",2019-04-09 09:49:47,2019-04-09 09:55:51,"IP Address","199.21.254.3","100","364","TRUE",2019-04-09 09:55:52,"R_2eWFb5ip98w5kyU"
"396",2019-04-09 09:43:09,2019-04-09 09:56:34,"IP Address","128.147.28.77","100","804","TRUE",2019-04-09 09:56:35,"R_20ZQhFAz2AFvqPv"
"397",2019-04-09 09:47:04,2019-04-09 09:56:37,"IP Address","170.98.106.254","100","572","TRUE",2019-04-09 09:56:38,"R_2DTURRjdbQIyrks"
"398",2019-04-09 09:51:47,2019-04-09 09:59:23,"IP Address","209.94.50.226","100","455","TRUE",2019-04-09 09:59:23,"R_1row7QgrxSJNp8Y"
"399",2019-04-09 09:38:32,2019-04-09 09:59:24,"IP Address","45.23.244.167","100","1252","TRUE",2019-04-09 09:59:25,"R_0H4AhGIjtSjKolH"
"400",2019-04-09 10:06:17,2019-04-09 10:13:44,"IP Address","198.177.95.129","100","446","TRUE",2019-04-09 10:13:45,"R_2Va77IpcTgvjJzL"
"401",2019-04-09 09:22:19,2019-04-09 10:17:37,"IP Address","134.192.250.90","100","3317","TRUE",2019-04-09 10:17:38,"R_3eet6kvvTPBIxTG"
"402",2019-04-09 10:11:20,2019-04-09 10:21:59,"IP Address","152.133.7.68","100","638","TRUE",2019-04-09 10:22:00,"R_2XnWffmHv2OUWQx"
"403",2019-04-09 10:17:38,2019-04-09 10:22:31,"IP Address","165.214.11.85","100","292","TRUE",2019-04-09 10:22:32,"R_3Pi2z1PT8QylgOB"
"404",2019-04-09 10:18:42,2019-04-09 10:23:44,"IP Address","70.242.68.66","100","301","TRUE",2019-04-09 10:23:45,"R_Y9nGXCYa8YFtp3r"
"405",2019-04-03 13:56:10,2019-04-09 10:25:05,"IP Address","204.110.16.10","100","505735","TRUE",2019-04-09 10:25:06,"R_28M3G9Wo87dAaUy"
"406",2019-04-09 10:17:57,2019-04-09 10:26:57,"IP Address","12.188.176.130","100","539","TRUE",2019-04-09 10:26:58,"R_1N2qI06Df2uJSKh"
"407",2019-04-09 10:25:36,2019-04-09 10:32:12,"IP Address","209.206.245.50","100","395","TRUE",2019-04-09 10:32:13,"R_1NmQrNLQWuvrNn5"
"408",2019-04-09 10:23:32,2019-04-09 10:38:16,"IP Address","68.189.0.139","100","884","TRUE",2019-04-09 10:38:18,"R_xhFVP4FKufxQyw9"
"409",2019-04-09 10:32:23,2019-04-09 10:40:16,"IP Address","192.231.86.242","100","473","TRUE",2019-04-09 10:40:17,"R_piStKgS6XGQu71T"
"410",2019-04-09 10:31:06,2019-04-09 10:41:26,"IP Address","170.29.64.4","100","620","TRUE",2019-04-09 10:41:27,"R_3oG65xqihfTwRQf"
"411",2019-04-09 10:27:08,2019-04-09 10:41:40,"IP Address","47.33.86.207","100","870","TRUE",2019-04-09 10:41:40,"R_1psQ8yF556X1hnw"
"412",2019-04-09 10:40:29,2019-04-09 10:47:57,"IP Address","168.200.6.3","100","446","TRUE",2019-04-09 10:47:58,"R_2dhUDZXHtfJabSD"
"413",2019-04-09 10:40:18,2019-04-09 10:52:57,"IP Address","198.217.64.23","100","758","TRUE",2019-04-09 10:52:58,"R_OJyCBoZGN6Cadvr"
"414",2019-04-09 10:43:30,2019-04-09 10:53:55,"IP Address","73.66.60.33","100","624","TRUE",2019-04-09 10:53:57,"R_1PdQ49eylwSyC22"
"415",2019-04-09 10:49:24,2019-04-09 10:58:16,"IP Address","170.163.27.226","100","531","TRUE",2019-04-09 10:58:17,"R_3O0NcwbAfo9sVN1"
"416",2019-04-09 10:57:37,2019-04-09 11:03:42,"IP Address","173.240.86.113","100","364","TRUE",2019-04-09 11:03:43,"R_1kUMmA3Ieqr4cft"
"417",2019-04-04 21:45:49,2019-04-09 11:10:48,"IP Address","72.203.224.67","100","393898","TRUE",2019-04-09 11:10:49,"R_29hvHAqxHtqcHeK"
"418",2019-04-09 11:06:22,2019-04-09 11:14:05,"IP Address","198.160.5.10","100","463","TRUE",2019-04-09 11:14:06,"R_2XgIyzHB9spibo7"
"419",2019-04-09 11:10:13,2019-04-09 11:14:59,"IP Address","98.210.91.125","100","286","TRUE",2019-04-09 11:15:00,"R_BWaAEHUABxQAIXD"
"420",2019-04-03 14:40:45,2019-04-09 11:20:32,"IP Address","168.235.1.4","100","506386","TRUE",2019-04-09 11:20:35,"R_3O0W2OffwmYy2jR"
"421",2019-04-09 11:12:36,2019-04-09 11:21:43,"IP Address","198.50.64.253","100","546","TRUE",2019-04-09 11:21:44,"R_T5fRmrsxLXcvQJ3"
"422",2019-04-09 10:26:45,2019-04-09 11:30:12,"IP Address","199.189.61.37","100","3806","TRUE",2019-04-09 11:30:12,"R_2pXfFkRcoPwAhSg"
"423",2019-04-09 11:26:12,2019-04-09 11:33:19,"IP Address","47.158.136.96","100","427","TRUE",2019-04-09 11:33:20,"R_3ReZm6ISQr99Wpz"
"424",2019-04-09 11:33:20,2019-04-09 11:40:37,"IP Address","143.197.222.217","100","436","TRUE",2019-04-09 11:40:38,"R_3GfkkmSoQeL2Sdc"
"425",2019-04-09 11:36:25,2019-04-09 11:42:02,"IP Address","199.231.28.240","100","336","TRUE",2019-04-09 11:42:03,"R_27amm8OPdofyRED"
"426",2019-04-09 11:35:41,2019-04-09 11:42:41,"IP Address","192.77.126.20","100","419","TRUE",2019-04-09 11:42:42,"R_vwaLO1dhDJ8VnQl"
"427",2019-04-09 09:20:12,2019-04-09 11:49:19,"IP Address","129.176.151.28","100","8947","TRUE",2019-04-09 11:49:20,"R_1kLDC2ZITjHq35I"
"428",2019-04-09 11:47:00,2019-04-09 11:57:14,"IP Address","4.78.9.76","100","613","TRUE",2019-04-09 11:57:14,"R_2q1Xhl39Nh7nsiD"
"429",2019-04-09 11:50:53,2019-04-09 11:58:59,"IP Address","98.165.144.15","100","486","TRUE",2019-04-09 11:59:00,"R_3CPysu1wQOa8Djb"
"430",2019-04-09 11:49:58,2019-04-09 12:00:51,"IP Address","206.193.80.5","100","652","TRUE",2019-04-09 12:00:51,"R_3nciGbtsxWDnmLI"
"431",2019-04-09 11:52:40,2019-04-09 12:01:32,"IP Address","199.242.168.195","100","531","TRUE",2019-04-09 12:01:33,"R_u7FhPrRjsQB0ETv"
"432",2019-04-09 12:02:35,2019-04-09 12:08:09,"IP Address","152.16.191.105","100","332","TRUE",2019-04-09 12:08:10,"R_1ImvIsi0cQHwuxp"
"433",2019-04-09 12:06:18,2019-04-09 12:10:56,"IP Address","198.217.64.23","100","278","TRUE",2019-04-09 12:10:57,"R_3gRXpDhbzabZ5oY"
"434",2019-04-09 09:32:33,2019-04-09 12:12:12,"IP Address","132.183.13.3","100","9579","TRUE",2019-04-09 12:12:13,"R_Wcej1rAyObYZcSB"
"435",2019-04-06 04:40:02,2019-04-09 12:34:28,"IP Address","23.226.82.173","100","287666","TRUE",2019-04-09 12:34:29,"R_1FxsgfhLheTSh61"
"436",2019-04-09 12:15:06,2019-04-09 12:38:25,"IP Address","165.225.50.97","100","1398","TRUE",2019-04-09 12:38:26,"R_1IJWUR0hF9LPonn"
"437",2019-04-03 13:28:49,2019-04-09 12:38:51,"IP Address","174.226.8.11","100","515402","TRUE",2019-04-09 12:38:52,"R_6fyMUcfTFH0s5Z7"
"438",2019-04-09 12:27:12,2019-04-09 12:39:40,"IP Address","104.35.187.168","100","747","TRUE",2019-04-09 12:39:41,"R_3KNGkNBWQPZ8nOf"
"439",2019-04-09 12:31:21,2019-04-09 12:39:59,"IP Address","159.141.128.101","100","518","TRUE",2019-04-09 12:40:01,"R_1iapYvWOUn4cCs4"
"440",2019-04-09 12:34:51,2019-04-09 12:41:06,"IP Address","68.57.18.27","100","375","TRUE",2019-04-09 12:41:07,"R_11cKzZ28dnX6B3K"
"441",2019-04-09 12:38:28,2019-04-09 12:43:36,"IP Address","107.77.200.109","100","307","TRUE",2019-04-09 12:43:37,"R_2tEAUtWtd3M4313"
"442",2019-04-09 12:42:43,2019-04-09 12:47:53,"IP Address","108.83.10.27","100","309","TRUE",2019-04-09 12:47:54,"R_6mNeTShgASF5dHr"
"443",2019-04-09 12:54:26,2019-04-09 13:00:50,"IP Address","64.250.195.226","100","384","TRUE",2019-04-09 13:00:51,"R_6zgKUOcF7JiFtyV"
"444",2019-04-09 11:40:47,2019-04-09 13:01:26,"IP Address","108.247.123.211","100","4838","TRUE",2019-04-09 13:01:27,"R_3gZT8URCttb7khw"
"445",2019-04-09 12:56:54,2019-04-09 13:03:20,"IP Address","73.241.35.5","100","385","TRUE",2019-04-09 13:03:21,"R_3PibXSVoX8lF4vr"
"446",2019-04-09 13:06:56,2019-04-09 13:17:05,"IP Address","165.171.240.51","100","608","TRUE",2019-04-09 13:17:06,"R_WArClcoIpGVVFsJ"
"447",2019-04-09 13:08:15,2019-04-09 13:17:40,"IP Address","192.231.86.241","100","564","TRUE",2019-04-09 13:17:40,"R_2bHLkiN7WEH6Lme"
"448",2019-04-09 13:14:18,2019-04-09 13:22:33,"IP Address","198.232.93.123","100","494","TRUE",2019-04-09 13:22:34,"R_1r0x3c3SUD2Bat5"
"449",2019-04-09 13:29:52,2019-04-09 13:35:26,"IP Address","8.36.116.205","100","334","TRUE",2019-04-09 13:35:27,"R_sYggFNm58iwoQtb"
"450",2019-04-09 13:33:23,2019-04-09 13:37:40,"IP Address","208.253.115.11","100","257","TRUE",2019-04-09 13:37:41,"R_3rFW51qNbSwyNIl"
"451",2019-04-09 13:45:41,2019-04-09 13:58:47,"IP Address","99.119.208.37","100","785","TRUE",2019-04-09 13:58:48,"R_3oYn1S4JXUEpoCX"
"452",2019-04-09 13:18:20,2019-04-09 14:03:07,"IP Address","208.253.115.11","100","2686","TRUE",2019-04-09 14:03:08,"R_2bVuPm9i7iUgEq9"
"453",2019-04-09 14:14:21,2019-04-09 14:21:30,"IP Address","173.240.93.182","100","428","TRUE",2019-04-09 14:21:31,"R_2qBLvbCPkoGin0K"
"454",2019-04-09 14:20:28,2019-04-09 14:30:03,"IP Address","71.244.237.92","100","574","TRUE",2019-04-09 14:30:05,"R_5jzSeT8WRrtWiKl"
"455",2019-04-09 14:10:13,2019-04-09 14:15:15,"IP Address","66.194.2.2","100","301","TRUE",2019-04-09 14:31:18,"R_1PdyoMRUZE5P4lJ"
"456",2019-04-09 14:27:56,2019-04-09 14:31:39,"IP Address","199.21.254.3","100","222","TRUE",2019-04-09 14:31:40,"R_3NNZFIu8i5HPo7N"
"457",2019-04-09 14:24:29,2019-04-09 14:35:19,"IP Address","73.254.48.54","100","650","TRUE",2019-04-09 14:35:20,"R_u2JxXMep4ANeqT7"
"458",2019-04-09 14:30:45,2019-04-09 14:41:46,"IP Address","96.76.69.10","100","660","TRUE",2019-04-09 14:41:47,"R_QodGtNi5UNrn5gl"
"459",2019-04-09 14:58:35,2019-04-09 15:06:11,"IP Address","67.109.191.254","100","455","TRUE",2019-04-09 15:06:12,"R_1n3HT1CF3tRAAh7"
"460",2019-04-09 14:59:05,2019-04-09 15:07:57,"IP Address","198.50.64.253","100","531","TRUE",2019-04-09 15:07:58,"R_1q1I2qypWzj0093"
"461",2019-04-09 15:08:26,2019-04-09 15:17:22,"IP Address","208.87.239.202","100","535","TRUE",2019-04-09 15:17:23,"R_2xQ1BKqgOEIpmen"
"462",2019-04-08 23:54:35,2019-04-09 15:27:58,"IP Address","107.77.212.6","100","56003","TRUE",2019-04-09 15:27:59,"R_2zUSGfQeR8xP4cn"
"463",2019-04-09 15:33:15,2019-04-09 15:41:15,"IP Address","69.30.183.35","100","479","TRUE",2019-04-09 15:41:16,"R_3HhrP5dqPHa3pkv"
"464",2019-04-09 15:30:39,2019-04-09 15:43:00,"IP Address","206.83.48.110","100","740","TRUE",2019-04-09 15:43:01,"R_3nouAFr0xHECuXn"
"465",2019-04-09 15:50:52,2019-04-09 15:56:22,"IP Address","108.51.118.166","100","329","TRUE",2019-04-09 15:56:22,"R_3HFkFHU4Ya5hlsY"
"466",2019-04-09 15:52:18,2019-04-09 15:59:59,"IP Address","173.93.144.117","100","460","TRUE",2019-04-09 16:00:00,"R_3h54TwXBWYRpmYh"
"467",2019-04-09 16:04:00,2019-04-09 16:13:56,"IP Address","174.255.134.107","100","595","TRUE",2019-04-09 16:13:57,"R_dcfEzqywQvbDy13"
"468",2019-04-09 16:14:42,2019-04-09 16:18:51,"IP Address","170.223.83.54","100","248","TRUE",2019-04-09 16:18:51,"R_3I9sO6QnqquuMlE"
"469",2019-04-09 16:16:51,2019-04-09 16:24:05,"IP Address","73.38.99.120","100","434","TRUE",2019-04-09 16:24:06,"R_11gAcw8eUu9VQra"
"470",2019-04-03 22:49:34,2019-04-09 16:57:19,"IP Address","50.233.222.125","100","497264","TRUE",2019-04-09 16:57:20,"R_pcrf543uQGC7gGd"
"471",2019-04-09 16:52:58,2019-04-09 16:57:54,"IP Address","99.203.26.137","100","296","TRUE",2019-04-09 16:57:55,"R_plR14OmA3uHhFzr"
"472",2019-04-09 16:56:18,2019-04-09 17:03:16,"IP Address","64.54.88.139","100","417","TRUE",2019-04-09 17:03:17,"R_2aXnJNZZHEUsncf"
"473",2019-04-09 17:08:36,2019-04-09 17:14:06,"IP Address","168.235.1.4","100","329","TRUE",2019-04-09 17:14:07,"R_b1uF776XM4YGQcV"
"474",2019-04-09 17:19:55,2019-04-09 17:25:34,"IP Address","74.69.228.223","100","339","TRUE",2019-04-09 17:25:36,"R_2eQf0ONy1OMPEiO"
"475",2019-04-09 17:33:01,2019-04-09 17:42:35,"IP Address","174.49.140.85","100","573","TRUE",2019-04-09 17:42:36,"R_1ptVtajd270mvMi"
"476",2019-04-09 17:39:58,2019-04-09 17:44:01,"IP Address","74.111.110.132","100","242","TRUE",2019-04-09 17:44:01,"R_3gL5gVFnGmKTBqZ"
"477",2019-04-09 17:39:32,2019-04-09 17:47:17,"IP Address","72.104.44.5","100","464","TRUE",2019-04-09 17:47:18,"R_3s7kcmU6AczxwIo"
"478",2019-04-09 17:45:24,2019-04-09 17:50:06,"IP Address","108.72.126.36","100","282","TRUE",2019-04-09 17:50:07,"R_1lrQwG9sGkug0Qq"
"479",2019-04-09 17:48:03,2019-04-09 17:53:27,"IP Address","173.71.151.162","100","323","TRUE",2019-04-09 17:53:28,"R_1M5Po5Deldu5X3k"
"480",2019-04-09 17:52:37,2019-04-09 18:03:00,"IP Address","129.49.166.123","100","622","TRUE",2019-04-09 18:03:01,"R_1JITlMqzEyyLyFe"
"481",2019-04-09 18:02:38,2019-04-09 18:14:14,"IP Address","216.255.172.54","100","696","TRUE",2019-04-09 18:14:15,"R_3lY7g9QPfPfsST0"
"482",2019-04-09 18:11:42,2019-04-09 18:17:16,"IP Address","104.50.41.39","100","334","TRUE",2019-04-09 18:17:17,"R_2Ua2YvQC3HbFvKd"
"483",2019-04-09 18:09:14,2019-04-09 18:18:12,"IP Address","68.187.145.228","100","537","TRUE",2019-04-09 18:18:13,"R_1Kx97h4Uo8FuWl0"
"484",2019-04-09 18:11:40,2019-04-09 18:21:41,"IP Address","72.199.119.182","100","600","TRUE",2019-04-09 18:21:42,"R_3lFZVfXA3DZpZVS"
"485",2019-04-09 18:28:39,2019-04-09 18:34:07,"IP Address","174.193.134.172","100","328","TRUE",2019-04-09 18:34:09,"R_2zZ5fnzTp5rNZAK"
"486",2019-04-09 18:26:24,2019-04-09 18:35:04,"IP Address","73.119.47.96","100","520","TRUE",2019-04-09 18:35:05,"R_UfDdOi8eOrdUQP7"
"487",2019-04-09 18:44:41,2019-04-09 18:51:40,"IP Address","73.10.120.30","100","419","TRUE",2019-04-09 18:51:41,"R_1pmSDgrrAQUbvd6"
"488",2019-04-09 19:06:48,2019-04-09 19:13:05,"IP Address","172.14.39.146","100","376","TRUE",2019-04-09 19:13:05,"R_3jROoJpVm3Sm4oN"
"489",2019-04-09 19:14:07,2019-04-09 19:19:42,"IP Address","12.196.117.226","100","334","TRUE",2019-04-09 19:19:43,"R_r9BmHzaCOQlfx8l"
"490",2019-04-09 19:20:49,2019-04-09 19:26:14,"IP Address","69.112.117.186","100","325","TRUE",2019-04-09 19:26:15,"R_3G9rpQUKxHMY9tW"
"491",2019-04-09 18:38:06,2019-04-09 19:27:27,"IP Address","76.4.83.103","100","2961","TRUE",2019-04-09 19:27:29,"R_d4sHoJobx2sRMFr"
"492",2019-04-09 19:18:01,2019-04-09 19:31:19,"IP Address","73.91.96.65","100","798","TRUE",2019-04-09 19:31:20,"R_1T8iT2FOHWbgZIl"
"493",2019-04-09 19:49:59,2019-04-09 19:54:40,"IP Address","24.154.173.33","100","281","TRUE",2019-04-09 19:54:41,"R_W9urEJvanKoWk1z"
"494",2019-04-09 20:02:28,2019-04-09 20:09:58,"IP Address","73.235.122.215","100","449","TRUE",2019-04-09 20:09:59,"R_pH14G45aDAwhN3H"
"495",2019-04-09 19:57:46,2019-04-09 20:18:37,"IP Address","98.213.168.203","100","1250","TRUE",2019-04-09 20:18:38,"R_2sXQRL20oSFDLva"
"496",2019-04-09 20:15:28,2019-04-09 20:22:53,"IP Address","72.173.93.99","100","444","TRUE",2019-04-09 20:22:54,"R_2VkJHXZ4OiCxnIH"
"497",2019-04-09 20:27:53,2019-04-09 20:34:03,"IP Address","99.3.119.161","100","370","TRUE",2019-04-09 20:34:04,"R_3R8BaumN2WEl5A0"
"498",2019-04-09 21:03:42,2019-04-09 21:11:31,"IP Address","67.249.229.39","100","469","TRUE",2019-04-09 21:11:32,"R_2vcOpOwdXl2Uchu"
"499",2019-04-09 21:09:31,2019-04-09 21:15:15,"IP Address","24.14.250.92","100","343","TRUE",2019-04-09 21:15:16,"R_3qrma8gcQYD5P0a"
"500",2019-04-09 21:21:25,2019-04-09 21:30:00,"IP Address","98.245.226.212","100","514","TRUE",2019-04-09 21:30:01,"R_27p551LNXKqTbKE"
"501",2019-04-09 21:30:13,2019-04-09 21:56:50,"IP Address","66.86.193.76","100","1596","TRUE",2019-04-09 21:56:51,"R_1dvj9PWGmiMtUyW"
"502",2019-04-09 22:15:44,2019-04-09 22:21:55,"IP Address","174.29.3.27","100","371","TRUE",2019-04-09 22:21:57,"R_zetEEyAGBxvaIF3"
"503",2019-04-09 22:09:44,2019-04-09 22:23:43,"IP Address","68.111.182.174","100","839","TRUE",2019-04-09 22:34:13,"R_3oZztJemD2sGWUd"
"504",2019-04-09 22:34:15,2019-04-09 22:41:45,"IP Address","24.46.108.82","100","449","TRUE",2019-04-09 22:41:45,"R_3MonzzK5GfspOTG"
"505",2019-04-09 23:37:36,2019-04-09 23:45:26,"IP Address","172.58.97.225","100","470","TRUE",2019-04-09 23:45:27,"R_2EoWaYnj8Yn5nzt"
"506",2019-04-09 23:36:53,2019-04-09 23:46:26,"IP Address","99.43.52.152","100","572","TRUE",2019-04-09 23:46:27,"R_O9zJ6jbsC9IDN2V"
"507",2019-04-10 00:54:52,2019-04-10 01:00:20,"IP Address","65.200.2.72","100","327","TRUE",2019-04-10 01:00:21,"R_soNifzFRlgG7iRr"
"508",2019-04-10 01:00:57,2019-04-10 01:08:01,"IP Address","137.53.241.2","100","423","TRUE",2019-04-10 01:08:03,"R_3g27lXgZpPlX20p"
"509",2019-04-10 01:10:28,2019-04-10 01:15:41,"IP Address","141.239.240.92","100","313","TRUE",2019-04-10 01:15:42,"R_3KNH748riDt321B"
"510",2019-04-10 01:44:15,2019-04-10 02:19:17,"IP Address","24.237.115.206","100","2102","TRUE",2019-04-10 02:19:18,"R_3kyRwAduezQevtI"
"511",2019-04-09 02:40:28,2019-04-10 02:31:59,"IP Address","99.111.75.3","100","85890","TRUE",2019-04-10 02:32:00,"R_Ai0X2TtG7qVYKD7"
"512",2019-04-10 03:06:21,2019-04-10 03:13:52,"IP Address","71.234.231.134","100","450","TRUE",2019-04-10 03:13:53,"R_31mYnZ1x4MGwZuB"
"513",2019-04-10 04:24:53,2019-04-10 04:32:18,"IP Address","107.128.240.178","100","445","TRUE",2019-04-10 04:32:19,"R_2qyn6uDNrIZLD4I"
"514",2019-04-10 04:43:00,2019-04-10 04:52:26,"IP Address","108.31.60.130","100","565","TRUE",2019-04-10 04:52:26,"R_2QWcKP8zOD1ephP"
"515",2019-04-10 04:49:45,2019-04-10 04:55:57,"IP Address","174.100.16.157","100","371","TRUE",2019-04-10 04:55:58,"R_rpOmWX4yhlhmGYN"
"516",2019-04-10 05:51:15,2019-04-10 05:54:31,"IP Address","71.91.77.136","100","195","TRUE",2019-04-10 05:54:32,"R_1mq51jMHtzpIuRz"
"517",2019-04-10 05:55:19,2019-04-10 06:02:54,"IP Address","174.219.5.69","100","454","TRUE",2019-04-10 06:02:55,"R_2ouXyW2qa4FnlSx"
"518",2019-04-10 06:03:39,2019-04-10 06:07:58,"IP Address","108.91.40.99","100","258","TRUE",2019-04-10 06:07:59,"R_DCfSdzG5TEJ8Ksh"
"519",2019-04-10 06:32:58,2019-04-10 06:38:35,"IP Address","162.236.96.200","100","336","TRUE",2019-04-10 06:38:35,"R_2PcEL06Eq88hItd"
"520",2019-04-10 06:22:45,2019-04-10 06:40:43,"IP Address","73.155.6.225","100","1078","TRUE",2019-04-10 06:40:44,"R_1DpwYmkANvjS17W"
"521",2019-04-10 06:53:20,2019-04-10 06:57:39,"IP Address","156.111.105.203","100","259","TRUE",2019-04-10 06:57:40,"R_3Ra91jzorcDoWWd"
"522",2019-04-09 09:25:19,2019-04-10 06:59:38,"IP Address","198.99.32.5","100","77658","TRUE",2019-04-10 06:59:39,"R_2EGC9YI6QwMkrZs"
"523",2019-04-10 06:53:42,2019-04-10 07:01:49,"IP Address","71.10.181.78","100","487","TRUE",2019-04-10 07:01:50,"R_cYIVimw4wKeP7QB"
"524",2019-04-10 07:33:39,2019-04-10 07:38:47,"IP Address","159.251.12.210","100","307","TRUE",2019-04-10 07:38:47,"R_2SphkFOXCBBvGWO"
"525",2019-04-10 08:18:32,2019-04-10 08:27:47,"IP Address","163.230.251.201","100","555","TRUE",2019-04-10 08:27:48,"R_28CGAKlfy3p6F5v"
"526",2019-04-10 08:27:31,2019-04-10 08:42:39,"IP Address","174.222.4.27","100","908","TRUE",2019-04-10 08:42:40,"R_2CdEEGgEb8QsItP"
"527",2019-04-10 09:26:19,2019-04-10 09:32:17,"IP Address","12.222.170.4","100","358","TRUE",2019-04-10 09:32:18,"R_268SL4srwK7iRah"
"528",2019-04-10 09:35:04,2019-04-10 09:43:18,"IP Address","12.6.40.2","100","493","TRUE",2019-04-10 09:43:18,"R_OdG9g9SyAXoiuyt"
"529",2019-04-10 09:38:38,2019-04-10 09:45:02,"IP Address","208.72.71.238","100","384","TRUE",2019-04-10 09:45:03,"R_1FQYLgDts1j9HIH"
"530",2019-04-10 09:47:43,2019-04-10 09:55:29,"IP Address","76.1.113.162","100","465","TRUE",2019-04-10 09:55:29,"R_3n7rrEKoGE6ejPc"
"531",2019-04-10 09:54:31,2019-04-10 10:00:00,"IP Address","98.207.171.102","100","328","TRUE",2019-04-10 10:00:01,"R_1DoQylYmNUa3a3C"
"532",2019-04-10 09:56:26,2019-04-10 10:07:54,"IP Address","65.51.94.15","100","688","TRUE",2019-04-10 10:07:55,"R_1QuCgsO6xGQjjCz"
"533",2019-04-10 10:00:16,2019-04-10 10:08:10,"IP Address","63.165.188.194","100","474","TRUE",2019-04-10 10:08:11,"R_xhkViHeP9sMwQX7"
"534",2019-04-10 10:54:53,2019-04-10 11:01:14,"IP Address","174.201.0.155","100","381","TRUE",2019-04-10 11:01:16,"R_3MyWBX9fdYBNzHA"
"535",2019-04-10 10:56:39,2019-04-10 11:04:39,"IP Address","128.147.28.77","100","479","TRUE",2019-04-10 11:04:40,"R_RP1jTFUKWnDpXln"
"536",2019-04-10 11:28:09,2019-04-10 11:33:43,"IP Address","198.177.95.129","100","334","TRUE",2019-04-10 11:33:44,"R_2ebqbg0Qw9wTUxZ"
"537",2019-04-10 11:36:20,2019-04-10 12:10:30,"IP Address","199.103.96.140","100","2049","TRUE",2019-04-10 12:10:31,"R_31o55VEyISNrhyO"
"538",2019-04-10 12:33:22,2019-04-10 12:47:27,"IP Address","174.207.23.174","100","845","TRUE",2019-04-10 12:47:28,"R_3mf20aHm4qUsmcU"
"539",2019-04-10 13:04:19,2019-04-10 13:18:54,"IP Address","204.58.169.10","100","875","TRUE",2019-04-10 13:18:55,"R_1C8Xkzzs1JBx6ZX"
"540",2019-04-03 15:55:12,2019-04-10 13:31:14,"IP Address","204.110.16.11","100","596162","TRUE",2019-04-10 13:31:15,"R_2zj6owAN0k2rwhM"
"541",2019-04-10 14:06:13,2019-04-10 14:14:15,"IP Address","165.214.37.102","100","481","TRUE",2019-04-10 14:14:16,"R_3kAmcK6HhF2lnm8"
"542",2019-04-10 14:05:30,2019-04-10 14:20:06,"IP Address","129.59.122.169","100","874","TRUE",2019-04-10 14:20:07,"R_2cBKBLyga1EGNtP"
"543",2019-04-10 15:01:08,2019-04-10 15:07:39,"IP Address","172.250.45.14","100","390","TRUE",2019-04-10 15:07:40,"R_3NvKmpfiunrUPlQ"
"544",2019-04-10 15:19:13,2019-04-10 15:23:51,"IP Address","204.130.13.2","100","278","TRUE",2019-04-10 15:23:52,"R_2qynVMFQgwP8BOU"
"545",2019-04-03 15:05:30,2019-04-10 16:13:49,"IP Address","206.208.217.38","100","608898","TRUE",2019-04-10 16:13:50,"R_BtfeKy7GAPNftE5"
"546",2019-04-09 23:48:59,2019-04-10 16:27:24,"IP Address","174.216.17.172","100","59904","TRUE",2019-04-10 16:27:25,"R_3MmX1oavhqKiFPX"
"547",2019-04-10 17:03:46,2019-04-10 17:10:08,"IP Address","172.15.192.94","100","381","TRUE",2019-04-10 17:10:09,"R_2Xilybji4Zd8KhH"
"548",2019-04-03 13:06:52,2019-04-10 17:26:43,"IP Address","68.1.152.119","100","620391","TRUE",2019-04-10 17:26:44,"R_3QXWum47TKyx4ci"
"549",2019-04-10 18:16:22,2019-04-10 18:25:00,"IP Address","50.242.227.230","100","517","TRUE",2019-04-10 18:25:01,"R_2eXeuxgnvjkvExP"
"550",2019-04-10 18:57:30,2019-04-10 19:07:55,"IP Address","172.58.99.44","100","623","TRUE",2019-04-10 19:07:56,"R_2s7kB2oqH8VQ8KC"
"551",2019-04-10 19:19:09,2019-04-10 19:28:14,"IP Address","12.133.6.2","100","544","TRUE",2019-04-10 19:28:15,"R_5mRnk18ekgj5Jjb"
"552",2019-04-10 19:25:05,2019-04-10 19:29:09,"IP Address","73.196.192.210","100","243","TRUE",2019-04-10 19:29:10,"R_1OwAeJEKJlVElFh"
"553",2019-04-10 19:33:30,2019-04-10 19:37:57,"IP Address","199.164.160.4","100","266","TRUE",2019-04-10 19:37:58,"R_3kbv2MrDLCkscfd"
"554",2019-04-10 19:55:19,2019-04-10 20:20:19,"IP Address","75.75.145.214","100","1499","TRUE",2019-04-10 20:20:20,"R_3MgrTEZfWfER7T6"
"555",2019-04-10 20:45:33,2019-04-10 20:53:39,"IP Address","216.249.220.109","100","486","TRUE",2019-04-10 20:53:40,"R_1dhrRho51zrObea"
"556",2019-04-10 21:02:16,2019-04-10 21:11:59,"IP Address","107.137.247.111","100","582","TRUE",2019-04-10 21:11:59,"R_2RU2UHKQmCWE5oT"
"557",2019-04-10 22:11:49,2019-04-10 22:21:48,"IP Address","73.170.76.93","100","598","TRUE",2019-04-10 22:21:49,"R_1memiIsyCQNoQ6a"
"558",2019-04-11 05:59:47,2019-04-11 06:09:20,"IP Address","73.111.188.83","100","572","TRUE",2019-04-11 06:09:21,"R_27DLmxjdGdnif1K"
"559",2019-04-11 06:42:33,2019-04-11 06:47:48,"IP Address","199.231.28.240","100","315","TRUE",2019-04-11 06:47:49,"R_1qWp0UmBmO6SVPW"
"560",2019-04-11 07:33:18,2019-04-11 07:36:28,"IP Address","66.194.51.226","100","190","TRUE",2019-04-11 07:36:29,"R_3iJsfCy2kY8ZGQc"
"561",2019-04-11 14:07:24,2019-04-11 14:19:07,"IP Address","174.213.2.97","100","703","TRUE",2019-04-11 14:19:08,"R_1K8yzB9WDxbHmAX"
"562",2019-04-11 14:47:53,2019-04-11 14:53:01,"IP Address","140.254.70.166","100","307","TRUE",2019-04-11 14:53:03,"R_2TRe7hL9GmnmnJ1"
"563",2019-04-09 10:18:05,2019-04-11 15:22:46,"IP Address","206.213.43.100","100","191081","TRUE",2019-04-11 15:22:47,"R_2iB4ZCrR266lgK5"
"564",2019-04-11 16:18:55,2019-04-11 16:27:53,"IP Address","174.222.152.87","100","537","TRUE",2019-04-11 16:27:54,"R_3JxaM7KItBtVG77"
"565",2019-04-11 19:56:00,2019-04-11 20:02:25,"IP Address","69.34.130.189","100","384","TRUE",2019-04-11 20:02:26,"R_s5RU6ZpLy939B4d"
"566",2019-04-12 15:47:34,2019-04-12 15:54:07,"IP Address","104.129.202.96","100","392","TRUE",2019-04-12 15:54:45,"R_1qVBahQwzUO4xsD"
"567",2019-04-12 20:30:10,2019-04-12 20:38:20,"IP Address","159.118.14.38","100","489","TRUE",2019-04-12 20:38:20,"R_RwdyxEjf0fodrdn"
"568",2019-04-12 21:37:49,2019-04-12 21:47:53,"IP Address","72.220.103.14","100","603","TRUE",2019-04-12 21:47:54,"R_2YmoQ0wsWsx6yQ9"
"569",2019-04-13 07:37:25,2019-04-13 07:42:31,"IP Address","73.184.27.37","100","306","TRUE",2019-04-13 07:42:32,"R_1DuoqbcwXx1Tj3s"
"570",2019-04-13 10:26:51,2019-04-13 10:36:39,"IP Address","76.88.23.145","100","588","TRUE",2019-04-13 10:36:40,"R_6zNu4c9QNM9jm7v"
"571",2019-04-13 15:26:40,2019-04-13 15:38:24,"IP Address","107.77.205.141","100","703","TRUE",2019-04-13 15:38:25,"R_2xM0jO7UA7UTxT1"
"572",2019-04-07 16:42:44,2019-04-13 20:35:10,"IP Address","73.152.120.37","100","532345","TRUE",2019-04-13 20:35:11,"R_3QSD4N0g6JTOuyS"
"573",2019-04-13 21:43:12,2019-04-13 22:06:05,"IP Address","173.188.202.166","100","1373","TRUE",2019-04-13 22:06:06,"R_UDAQRHurgX63fA5"
"574",2019-04-14 00:59:58,2019-04-14 01:06:28,"IP Address","174.216.8.54","100","389","TRUE",2019-04-14 01:06:29,"R_2BaPIQevAZ9MFn4"
"575",2019-04-14 13:17:03,2019-04-14 13:24:30,"IP Address","174.216.23.123","100","446","TRUE",2019-04-14 13:24:31,"R_1mQuy8aWkX6WIaN"
"576",2019-04-15 07:18:23,2019-04-15 07:24:43,"IP Address","134.174.110.14","100","379","TRUE",2019-04-15 07:24:44,"R_SVr0Q53OAeRnWj7"
"577",2019-04-15 14:43:54,2019-04-15 14:49:28,"IP Address","192.77.126.20","100","333","TRUE",2019-04-15 14:49:29,"R_3NJlAwvj0u9DXuZ"
"578",2019-04-16 12:56:03,2019-04-16 13:02:52,"IP Address","24.75.238.73","100","409","TRUE",2019-04-16 13:02:53,"R_3HpJfshKFJDHz0o"
"579",2019-04-16 16:05:42,2019-04-16 16:11:59,"IP Address","199.190.170.70","100","376","TRUE",2019-04-16 16:12:00,"R_1eOBMVZzbUXYnzI"
"580",2019-04-16 18:48:53,2019-04-16 18:56:11,"IP Address","76.24.179.161","100","438","TRUE",2019-04-16 18:56:12,"R_2fa36ZNApaRBNyr"
"581",2019-04-17 17:35:04,2019-04-17 17:44:39,"IP Address","12.168.121.4","100","574","TRUE",2019-04-17 17:44:40,"R_UsSB6hCwbXZuwDL"
"582",2019-04-18 08:23:37,2019-04-18 08:31:11,"IP Address","174.234.176.63","100","453","TRUE",2019-04-18 08:31:12,"R_3E9HGPFk3nLcZYt"
"583",2019-04-18 09:17:53,2019-04-18 09:23:37,"IP Address","73.114.18.238","100","344","TRUE",2019-04-18 09:23:39,"R_3KOAXCTSyY3NStE"
"584",2019-04-18 15:05:14,2019-04-18 15:19:04,"IP Address","199.253.184.250","100","830","TRUE",2019-04-18 15:19:05,"R_vTxUsU98E0CzeZr"
"585",2019-04-20 15:58:35,2019-04-20 16:05:04,"IP Address","172.76.160.3","100","388","TRUE",2019-04-20 16:05:06,"R_30pjsocsNQDh55w"
"586",2019-04-24 12:20:31,2019-04-24 12:48:35,"IP Address","64.54.15.239","100","1684","TRUE",2019-04-24 12:48:36,"R_2tc05utF63vUntG"
"587",2019-04-26 07:34:45,2019-04-26 07:45:55,"IP Address","97.92.213.106","100","670","TRUE",2019-04-26 07:45:56,"R_ujFcWQGScuzIUXD"
"588",2019-05-04 17:34:16,2019-05-04 17:39:36,"IP Address","73.167.108.160","100","319","TRUE",2019-05-04 17:39:38,"R_5jxk3TNYoDaenzX"
